week_ending,species_group,national_slaughter,slaughter_NSW,slaughter_QLD,slaughter_SA,slaughter_TAS,slaughter_VIC,slaughter_WA,ind_1 Western Young Cattle Indicator (c/kg cwt) price_avg,ind_2 National Restocker Yearling Steer Indicator (c/kg lwt) price_avg,ind_3 National Feeder Steer Indicator (c/kg lwt) price_avg,ind_4 National Heavy Steer Indicator (c/kg lwt) price_avg,ind_5 National Heavy Dairy Cow Indicator (c/kg lwt) price_avg,ind_6 National Light Lamb Indicator (c/kg cwt) price_avg,ind_7 National Trade Lamb Indicator (c/kg cwt) price_avg,ind_8 National Heavy Lamb Indicator (c/kg cwt) price_avg,ind_9 National Merino Lamb Indicator (c/kg cwt) price_avg,ind_10 National Restocker Lamb Indicator (c/kg cwt) price_avg,ind_11 National Mutton Indicator (c/kg cwt) price_avg,ind_12 National Restocker Yearling Heifer Indicator (c/kg lwt) price_avg,ind_13 National Processor Cow Indicator (c/kg lwt) price_avg,ind_14 National Young Cattle Indicator (c/kg lwt) price_avg,ind_15 Online Young Cattle Indicator (c/kg lwt) price_avg,ind_16 Online Lamb Indicator ($/head) price_avg,ind_17 National Feeder Heifer Indicator (c/kg lwt) price_avg,ind_18 Online Sheep Indicator ($/head) price_avg,ind_1 Western Young Cattle Indicator (c/kg cwt) heads_avg,ind_2 National Restocker Yearling Steer Indicator (c/kg lwt) heads_avg,ind_3 National Feeder Steer Indicator (c/kg lwt) heads_avg,ind_4 National Heavy Steer Indicator (c/kg lwt) heads_avg,ind_5 National Heavy Dairy Cow Indicator (c/kg lwt) heads_avg,ind_6 National Light Lamb Indicator (c/kg cwt) heads_avg,ind_7 National Trade Lamb Indicator (c/kg cwt) heads_avg,ind_8 National Heavy Lamb Indicator (c/kg cwt) heads_avg,ind_9 National Merino Lamb Indicator (c/kg cwt) heads_avg,ind_10 National Restocker Lamb Indicator (c/kg cwt) heads_avg,ind_11 National Mutton Indicator (c/kg cwt) heads_avg,ind_12 National Restocker Yearling Heifer Indicator (c/kg lwt) heads_avg,ind_13 National Processor Cow Indicator (c/kg lwt) heads_avg,ind_14 National Young Cattle Indicator (c/kg lwt) heads_avg,ind_15 Online Young Cattle Indicator (c/kg lwt) heads_avg,ind_16 Online Lamb Indicator ($/head) heads_avg,ind_17 National Feeder Heifer Indicator (c/kg lwt) heads_avg,ind_18 Online Sheep Indicator ($/head) heads_avg
4/4/2025,Calves,5893,1828,14,2,149,3895,5,,,,,,,,,,,,,,,,,,,,,,,,,,,,,,,,,,,,
4/4/2025,Cattle,143887,35956,73128,3779,4957,23467,2600,607.3590424,387.7796409,386.1146098,376.2843856,265.7020728,,,,,,,318.6074232,315.4344851,379.9661551,395.5342078,,334.4366339,,893,1795.75,4755.25,1247.25,1154,,,,,,,1235.75,9573.75,16019,7985.25,,2976.5,
4/4/2025,Deer,0,0,0,0,0,0,0,,,,,,,,,,,,,,,,,,,,,,,,,,,,,,,,,,,,
4/4/2025,Goat,50786,17320,14469,907,0,18090,0,,,,,,,,,,,,,,,,,,,,,,,,,,,,,,,,,,,,
4/4/2025,Lambs,506224,125454,1403,57300,10773,252912,58382,,,,,,716.9380021,805.4202097,812.6646301,680.3031619,765.0478672,,,,,,124.6600355,,,,,,,,23929.75,45886.75,27132.25,16359.5,28636.75,,,,,,15498.25,,
4/4/2025,Pigs,96945,18405,26519,24248,0,25015,2758,,,,,,,,,,,,,,,,,,,,,,,,,,,,,,,,,,,,
4/4/2025,Sheep,190383,76757,36,17086,6729,49481,40294,,,,,,,,,,,516.2759345,,,,,,,135.1285047,,,,,,,,,,,62488.5,,,,,,,554.5
11/4/2025,Calves,6348,2008,9,1,190,4133,7,,,,,,,,,,,,,,,,,,,,,,,,,,,,,,,,,,,,
11/4/2025,Cattle,152180,37994,77335,3815,5016,25411,2609,634.9719668,392.697114,388.4934793,375.8032768,259.8530193,,,,,,,321.8462001,307.2732639,376.1744699,391.1594372,,339.7879245,,1020.714286,2337.571429,6233.714286,1411.857143,1524.714286,,,,,,,1552.857143,12325.14286,14268.57143,6329,,4326.285714,
11/4/2025,Deer,8,0,0,0,0,0,8,,,,,,,,,,,,,,,,,,,,,,,,,,,,,,,,,,,,
11/4/2025,Goat,61155,19903,22894,2057,0,16301,0,,,,,,,,,,,,,,,,,,,,,,,,,,,,,,,,,,,,
11/4/2025,Lambs,527045,131364,1460,61959,11563,261758,58941,,,,,,730.35571,809.3634241,815.1339907,681.733056,758.6507914,,,,,,125.5192414,,,,,,,,31932.85714,52364.42857,29556.28571,22187.42857,35242.28571,,,,,,16989.71429,,
11/4/2025,Pigs,101960,18338,27631,26953,0,26312,2726,,,,,,,,,,,,,,,,,,,,,,,,,,,,,,,,,,,,
11/4/2025,Sheep,197582,78957,17,16653,6755,54868,40332,,,,,,,,,,,516.9473551,,,,,,,138.4359426,,,,,,,,,,,96537.71429,,,,,,,972.5714286
18/4/2025,Calves,5959,1892,13,0,102,3952,0,,,,,,,,,,,,,,,,,,,,,,,,,,,,,,,,,,,,
18/4/2025,Cattle,120167,27568,62095,3753,4082,19716,2953,679.2217514,394.14388,385.0961987,363.4362617,240.8874089,,,,,,,324.0578153,289.2402255,377.2913063,389.2532055,,341.2100913,,1311,3989.428571,7189.285714,1214.428571,1373.571429,,,,,,,2285.857143,10660,21612.42857,10876,,5580.571429,
18/4/2025,Deer,8,0,0,0,0,0,8,,,,,,,,,,,,,,,,,,,,,,,,,,,,,,,,,,,,
18/4/2025,Goat,57064,18406,19188,2197,0,17273,0,,,,,,,,,,,,,,,,,,,,,,,,,,,,,,,,,,,,
18/4/2025,Lambs,418314,108257,1371,46540,10462,202544,49140,,,,,,675.5616957,806.2267822,810.463961,635.7224994,732.639369,,,,,,130.4793887,,,,,,,,26071.85714,38902.14286,19480.85714,17569.14286,38993.71429,,,,,,17531.85714,,
18/4/2025,Pigs,82207,15581,22550,20912,0,21054,2110,,,,,,,,,,,,,,,,,,,,,,,,,,,,,,,,,,,,
18/4/2025,Sheep,164857,68686,20,13154,4668,45828,32501,,,,,,,,,,,443.7419429,,,,,,,127.697742,,,,,,,,,,,91204.71429,,,,,,,774.1428571
25/4/2025,Calves,5827,1543,3,0,118,4163,0,,,,,,,,,,,,,,,,,,,,,,,,,,,,,,,,,,,,
25/4/2025,Cattle,79870,15341,41304,2276,3042,15600,2307,666.4184287,394.6523574,381.4755496,351.2503586,245.1367431,,,,,,,328.1718546,285.9791255,379.1206097,393.8063752,,337.1925457,,676,3268.285714,3797.285714,538.7142857,607.8571429,,,,,,,1657.428571,4413.571429,12749.42857,5622.285714,,2783.142857,
25/4/2025,Deer,8,0,0,0,0,0,8,,,,,,,,,,,,,,,,,,,,,,,,,,,,,,,,,,,,
25/4/2025,Goat,43746,13372,18510,1010,0,10854,0,,,,,,,,,,,,,,,,,,,,,,,,,,,,,,,,,,,,
25/4/2025,Lambs,320845,85569,1063,34865,7476,155171,36701,,,,,,686.1545169,817.5949712,826.8567103,635.4278816,743.9867009,,,,,,134.1970639,,,,,,,,10698.57143,20558.85714,10229.14286,6109.714286,15398.85714,,,,,,19176.42857,,
25/4/2025,Pigs,63730,11326,17478,17116,0,16383,1427,,,,,,,,,,,,,,,,,,,,,,,,,,,,,,,,,,,,
25/4/2025,Sheep,114656,48355,31,10447,3869,28847,23107,,,,,,,,,,,488.2122153,,,,,,,111.1652351,,,,,,,,,,,29007.28571,,,,,,,1459.285714
2/5/2025,Calves,7061,2306,16,0,104,4622,13,,,,,,,,,,,,,,,,,,,,,,,,,,,,,,,,,,,,
2/5/2025,Cattle,144234,32378,76984,3024,4989,24381,2478,649.6310802,404.4208372,386.2825778,358.7261749,257.6980682,,,,,,,329.8735384,288.2279766,378.8654678,382.6117985,,341.7718283,,601,5319.714286,5340.142857,1035,1353.428571,,,,,,,3018.571429,6982.714286,18590.57143,5945.714286,,4269.857143,
2/5/2025,Deer,8,0,0,0,0,0,8,,,,,,,,,,,,,,,,,,,,,,,,,,,,,,,,,,,,
2/5/2025,Goat,67340,20456,25082,2261,0,19541,0,,,,,,,,,,,,,,,,,,,,,,,,,,,,,,,,,,,,
2/5/2025,Lambs,519705,137168,1560,58467,11545,249959,61006,,,,,,766.1639095,839.414078,846.0770466,741.4933551,803.2350657,,,,,,135.4718054,,,,,,,,19727.71429,41805.57143,28636.42857,14116.71429,24120.71429,,,,,,20378,,
2/5/2025,Pigs,102685,18208,27836,26417,0,27481,2743,,,,,,,,,,,,,,,,,,,,,,,,,,,,,,,,,,,,
2/5/2025,Sheep,171980,79231,22,14426,7382,38694,32225,,,,,,,,,,,598.7422481,,,,,,,106.1185065,,,,,,,,,,,58306.71429,,,,,,,1300
9/5/2025,Calves,6781,2319,10,2,41,4404,5,,,,,,,,,,,,,,,,,,,,,,,,,,,,,,,,,,,,
9/5/2025,Cattle,143258,38820,68495,3783,4771,25023,2366,698.3576106,393.7272503,381.1146142,350.4615219,245.0912058,,,,,,,319.1918593,274.722772,376.3313446,392.7346797,,331.5797643,,1176.857143,8672,8721.142857,1565.285714,1891.571429,,,,,,,4763.857143,12276.28571,34125.57143,13491.85714,,6645.571429,
9/5/2025,Deer,8,0,0,0,0,0,8,,,,,,,,,,,,,,,,,,,,,,,,,,,,,,,,,,,,
9/5/2025,Goat,67582,23467,23215,2302,0,18598,0,,,,,,,,,,,,,,,,,,,,,,,,,,,,,,,,,,,,
9/5/2025,Lambs,521289,136545,1354,59436,11622,251905,60427,,,,,,751.5493466,835.1393147,847.8672817,721.5630553,787.6057195,,,,,,139.4186826,,,,,,,,28690.85714,48800.71429,35758.14286,23737.28571,45822.14286,,,,,,24975.85714,,
9/5/2025,Pigs,95568,17916,24751,24765,0,25428,2708,,,,,,,,,,,,,,,,,,,,,,,,,,,,,,,,,,,,
9/5/2025,Sheep,179468,74958,36,14066,6320,47751,36337,,,,,,,,,,,581.8083131,,,,,,,103.7574991,,,,,,,,,,,92793.57143,,,,,,,1617.714286
16/5/2025,Calves,7065,2612,5,0,48,4396,4,,,,,,,,,,,,,,,,,,,,,,,,,,,,,,,,,,,,
16/5/2025,Cattle,152411,36382,78329,3782,5197,26185,2536,689.4211564,379.0759995,370.0286086,330.82521,198.2333641,,,,,,,303.6690774,252.4017311,357.6085523,367.4902607,,315.6515117,,1097.142857,7077.857143,8060.428571,1358.714286,2029.142857,,,,,,,4379,12063.14286,29019.42857,11124.14286,,6467.857143,
16/5/2025,Deer,24,0,16,0,0,0,8,,,,,,,,,,,,,,,,,,,,,,,,,,,,,,,,,,,,
16/5/2025,Goat,70942,24037,25154,2264,0,19487,0,,,,,,,,,,,,,,,,,,,,,,,,,,,,,,,,,,,,
16/5/2025,Lambs,506708,133936,1379,58944,11604,245074,55771,,,,,,729.4913457,831.6071528,852.1183653,708.3592646,751.3297337,,,,,,143.94704,,,,,,,,27708.14286,39193.14286,28332.14286,20702.71429,50668,,,,,,27172.85714,,
16/5/2025,Pigs,97963,17298,27754,24642,0,25555,2714,,,,,,,,,,,,,,,,,,,,,,,,,,,,,,,,,,,,
16/5/2025,Sheep,198879,78507,92,14200,3492,65930,36658,,,,,,,,,,,517.1746928,,,,,,,116.72252,,,,,,,,,,,88728.42857,,,,,,,2179.714286
23/5/2025,Calves,7205,2691,16,0,0,4495,3,,,,,,,,,,,,,,,,,,,,,,,,,,,,,,,,,,,,
23/5/2025,Cattle,152569,35068,80107,3781,5194,25965,2454,684.799104,380.5383408,370.8208132,334.393782,188.7432368,,,,,,,300.7055153,249.3323808,355.5370683,367.5586997,,320.2564183,,1087.142857,5786,6555.857143,955.5714286,1915.142857,,,,,,,4111.571429,8520.714286,28230.71429,11636.42857,,4968.857143,
23/5/2025,Deer,8,0,0,0,0,0,8,,,,,,,,,,,,,,,,,,,,,,,,,,,,,,,,,,,,
23/5/2025,Goat,67147,22932,23512,2610,0,18093,0,,,,,,,,,,,,,,,,,,,,,,,,,,,,,,,,,,,,
23/5/2025,Lambs,500085,122461,1469,58137,11657,242187,64174,,,,,,756.7378472,855.622939,876.312275,719.6210973,767.4196719,,,,,,147.9524078,,,,,,,,25249.85714,38205,29551.42857,18785.71429,39766.42857,,,,,,29572.14286,,
23/5/2025,Pigs,98118,17628,27009,24710,0,26055,2716,,,,,,,,,,,,,,,,,,,,,,,,,,,,,,,,,,,,
23/5/2025,Sheep,185240,74313,39,13853,3606,55964,37465,,,,,,,,,,,541.4047815,,,,,,,157.589011,,,,,,,,,,,74898.85714,,,,,,,1052.857143
30/5/2025,Calves,6469,2230,3,4,65,4163,4,,,,,,,,,,,,,,,,,,,,,,,,,,,,,,,,,,,,
30/5/2025,Cattle,153100,34531,80587,3789,5159,26451,2583,666.2742224,400.8169637,380.4334577,346.6963146,228.6344091,,,,,,,317.9805168,269.6363836,375.1508837,385.1034293,,334.8294459,,1147.714286,5714.571429,5951,952.5714286,1619,,,,,,,3116.142857,7313.285714,22609.42857,8919.714286,,4289.142857,
30/5/2025,Deer,42,10,16,4,0,0,12,,,,,,,,,,,,,,,,,,,,,,,,,,,,,,,,,,,,
30/5/2025,Goat,67484,21333,24229,2476,0,19432,14,,,,,,,,,,,,,,,,,,,,,,,,,,,,,,,,,,,,
30/5/2025,Lambs,460626,110059,1452,54344,9904,221818,63049,,,,,,814.8152004,931.5705343,959.8313712,757.8665803,820.1634612,,,,,,147.948437,,,,,,,,21788.57143,37964.28571,27204,16112.85714,30184.14286,,,,,,26056,,
30/5/2025,Pigs,96375,17199,26813,24475,0,25230,2658,,,,,,,,,,,,,,,,,,,,,,,,,,,,,,,,,,,,
30/5/2025,Sheep,177085,81771,23,14360,4696,44019,32216,,,,,,,,,,,594.0701273,,,,,,,145.1523888,,,,,,,,,,,63912.71429,,,,,,,2937.714286
6/6/2025,Calves,6246,2562,7,0,0,3677,0,,,,,,,,,,,,,,,,,,,,,,,,,,,,,,,,,,,,
6/6/2025,Cattle,152530,36340,79652,3766,5215,25534,2023,663.4256422,398.7508278,382.6562483,350.8781489,246.3717915,,,,,,,325.9851069,280.275656,388.1251414,413.6122336,,341.8127301,,696.8571429,5791.571429,6214.714286,1019.142857,1892,,,,,,,3200.428571,9164,21880.71429,7355.714286,,4902.285714,
6/6/2025,Deer,8,0,0,0,0,0,8,,,,,,,,,,,,,,,,,,,,,,,,,,,,,,,,,,,,
6/6/2025,Goat,64734,20755,23190,3309,0,17480,0,,,,,,,,,,,,,,,,,,,,,,,,,,,,,,,,,,,,
6/6/2025,Lambs,461658,113155,1493,58276,9543,230588,48603,,,,,,871.8362698,977.8205574,984.8712098,829.9585829,865.1628247,,,,,,148.9587587,,,,,,,,26400.28571,36530,27723.14286,20354.57143,35748.57143,,,,,,22603.42857,,
6/6/2025,Pigs,99433,17437,27704,25216,0,27107,1969,,,,,,,,,,,,,,,,,,,,,,,,,,,,,,,,,,,,
6/6/2025,Sheep,177918,74273,9,14138,5942,58388,25168,,,,,,,,,,,628.8128945,,,,,,,112.6118403,,,,,,,,,,,61822.14286,,,,,,,4157.571429
13/6/2025,Calves,5320,2081,4,2,44,3186,3,,,,,,,,,,,,,,,,,,,,,,,,,,,,,,,,,,,,
13/6/2025,Cattle,146272,32495,81026,4562,4136,21577,2476,658.6095883,396.491468,382.1532701,357.2432838,241.2666885,,,,,,,323.5358041,275.9857845,382.9935929,393.4629801,,342.8391792,,628.5714286,5586.714286,5234.571429,854.5714286,1318.428571,,,,,,,3784.428571,8801.142857,23655.14286,7601.714286,,4137.857143,
13/6/2025,Deer,0,0,0,0,0,0,0,,,,,,,,,,,,,,,,,,,,,,,,,,,,,,,,,,,,
13/6/2025,Goat,61040,21556,23116,1471,0,14897,0,,,,,,,,,,,,,,,,,,,,,,,,,,,,,,,,,,,,
13/6/2025,Lambs,386865,105653,1380,49991,8622,162852,58367,,,,,,905.766034,1010.78151,1002.502268,858.8258468,904.799197,,,,,,150.4418271,,,,,,,,23324.14286,26755.85714,21521.85714,16538.57143,28390.57143,,,,,,30920.57143,,
13/6/2025,Pigs,86715,14978,25930,21183,0,21920,2704,,,,,,,,,,,,,,,,,,,,,,,,,,,,,,,,,,,,
13/6/2025,Sheep,187528,63214,40,14178,4475,71931,33690,,,,,,,,,,,645.0408198,,,,,,,113.6104373,,,,,,,,,,,48779.42857,,,,,,,2643.571429
20/6/2025,Calves,5995,2783,25,2,0,3182,3,,,,,,,,,,,,,,,,,,,,,,,,,,,,,,,,,,,,
20/6/2025,Cattle,153442,37113,78292,3816,5198,26467,2556,636.5035816,385.6034811,392.6199192,364.6264273,243.3063915,,,,,,,320.5999521,277.5694005,380.0279553,410.7872447,,348.2127376,,935,5754.857143,7106,1061.285714,1489.714286,,,,,,,4205,9864,24581.57143,8367.571429,,4830.571429,
20/6/2025,Deer,0,0,0,0,0,0,0,,,,,,,,,,,,,,,,,,,,,,,,,,,,,,,,,,,,
20/6/2025,Goat,70480,21543,23901,4118,0,20888,30,,,,,,,,,,,,,,,,,,,,,,,,,,,,,,,,,,,,
20/6/2025,Lambs,445799,113490,1444,54689,10153,209686,56337,,,,,,918.9448866,1042.680127,1057.996354,865.6329092,906.6144382,,,,,,153.708262,,,,,,,,26113.57143,36218.57143,34524.71429,19248.42857,28499.57143,,,,,,26859.85714,,
20/6/2025,Pigs,95714,17539,24766,25852,0,25095,2462,,,,,,,,,,,,,,,,,,,,,,,,,,,,,,,,,,,,
20/6/2025,Sheep,159701,74457,125,12141,4423,48429,20126,,,,,,,,,,,676.4824097,,,,,,,144.1191496,,,,,,,,,,,58601.71429,,,,,,,1758.571429
27/6/2025,Calves,5140,2593,1,0,0,2543,3,,,,,,,,,,,,,,,,,,,,,,,,,,,,,,,,,,,,
27/6/2025,Cattle,158922,37570,83194,3818,5160,26531,2649,611.7134424,390.320607,398.9823312,363.2016789,261.6582834,,,,,,,315.1252292,286.5824793,378.9170421,413.402168,,344.3318247,,752.2857143,5728.142857,7687.285714,1293.285714,1254.714286,,,,,,,3906.285714,9593.571429,22393,7409.428571,,5375.142857,
27/6/2025,Deer,11,0,0,0,0,3,8,,,,,,,,,,,,,,,,,,,,,,,,,,,,,,,,,,,,
27/6/2025,Goat,71244,19330,24973,3168,0,23773,0,,,,,,,,,,,,,,,,,,,,,,,,,,,,,,,,,,,,
27/6/2025,Lambs,405029,96377,1373,53395,10331,198925,44628,,,,,,908.3872734,1022.996835,1045.002821,836.9080237,876.365509,,,,,,153.7309615,,,,,,,,27894.28571,37001,36093.42857,19434.42857,32585.42857,,,,,,16633.57143,,
27/6/2025,Pigs,93585,16924,24868,24389,0,24685,2719,,,,,,,,,,,,,,,,,,,,,,,,,,,,,,,,,,,,
27/6/2025,Sheep,108532,34712,71,13741,3575,48066,8367,,,,,,,,,,,653.0140523,,,,,,,139.5683591,,,,,,,,,,,58700.85714,,,,,,,1890.428571
4/7/2025,Calves,4709,2461,5,1,0,2236,6,,,,,,,,,,,,,,,,,,,,,,,,,,,,,,,,,,,,
4/7/2025,Cattle,153008,36689,77867,3816,5014,26763,2859,628.7754124,396.6220635,405.7790785,360.7314933,275.8899554,,,,,,,312.6359287,296.3634714,378.3470118,408.1421791,,345.6998731,,480.7142857,5556.285714,6802.142857,1266.428571,1408.571429,,,,,,,3258.714286,9004.857143,19816.71429,6247.428571,,4831.285714,
4/7/2025,Deer,8,0,0,0,0,0,8,,,,,,,,,,,,,,,,,,,,,,,,,,,,,,,,,,,,
4/7/2025,Goat,77051,22591,24272,1554,0,28634,0,,,,,,,,,,,,,,,,,,,,,,,,,,,,,,,,,,,,
4/7/2025,Lambs,399058,97515,1394,48473,8040,197951,45685,,,,,,953.4655851,1047.517275,1062.13519,901.9146442,900.5127403,,,,,,150.7037437,,,,,,,,30151.57143,31106.71429,22378.71429,22516.57143,28771.85714,,,,,,16522.28571,,
4/7/2025,Pigs,93209,17038,24902,23825,0,25015,2429,,,,,,,,,,,,,,,,,,,,,,,,,,,,,,,,,,,,
4/7/2025,Sheep,99715,36050,32,12187,3426,43160,4860,,,,,,,,,,,668.027068,,,,,,,120.1204278,,,,,,,,,,,53164.57143,,,,,,,3830.571429
11/7/2025,Calves,4760,2586,7,0,114,2050,3,,,,,,,,,,,,,,,,,,,,,,,,,,,,,,,,,,,,
11/7/2025,Cattle,155312,36944,80639,3836,4865,26531,2497,680.0499669,397.4532362,414.7689599,369.6224604,287.131534,,,,,,,316.282376,306.2606311,385.3008945,403.1699475,,350.0741495,,479.7142857,4684.428571,6775.285714,1188,1673.428571,,,,,,,2799.428571,10250.57143,19335,7495.857143,,4652.142857,
11/7/2025,Deer,7,0,0,0,0,0,7,,,,,,,,,,,,,,,,,,,,,,,,,,,,,,,,,,,,
11/7/2025,Goat,72550,23086,23896,1496,0,24072,0,,,,,,,,,,,,,,,,,,,,,,,,,,,,,,,,,,,,
11/7/2025,Lambs,361324,96107,1320,27641,6393,187605,42258,,,,,,981.0650099,1112.55088,1118.74845,941.0893934,913.2770403,,,,,,151.4851777,,,,,,,,33857.57143,34251.14286,21501.57143,25432.71429,25143.57143,,,,,,15197.57143,,
11/7/2025,Pigs,92234,16981,24688,23757,0,24095,2713,,,,,,,,,,,,,,,,,,,,,,,,,,,,,,,,,,,,
11/7/2025,Sheep,84691,34817,43,65,2126,42126,5514,,,,,,,,,,,685.2393324,,,,,,,120.1658637,,,,,,,,,,,52489.14286,,,,,,,3758.714286
18/7/2025,Calves,4677,2622,5,1,94,1953,2,,,,,,,,,,,,,,,,,,,,,,,,,,,,,,,,,,,,
18/7/2025,Cattle,153415,36316,80462,3733,4878,25229,2797,694.306311,403.5052389,414.8921274,364.8634673,304.5299729,,,,,,,315.9778509,311.9260732,388.4794552,408.3598079,,351.193186,,546.8571429,5226.857143,7282.571429,1256.285714,1630.142857,,,,,,,3215.142857,10949.28571,20403.85714,7114.285714,,4639.142857,
18/7/2025,Deer,36,0,32,4,0,0,0,,,,,,,,,,,,,,,,,,,,,,,,,,,,,,,,,,,,
18/7/2025,Goat,73256,21648,22408,1250,0,27915,35,,,,,,,,,,,,,,,,,,,,,,,,,,,,,,,,,,,,
18/7/2025,Lambs,363558,96472,1221,27167,6625,187121,44952,,,,,,972.4309307,1170.808808,1150.920553,954.4090907,929.2813011,,,,,,159.1113407,,,,,,,,28779.85714,35112.71429,21906.28571,24837.14286,19904.42857,,,,,,11789.42857,,
18/7/2025,Pigs,91859,17325,24523,23364,0,24245,2402,,,,,,,,,,,,,,,,,,,,,,,,,,,,,,,,,,,,
18/7/2025,Sheep,67853,33247,67,32,1262,27983,5262,,,,,,,,,,,693.253677,,,,,,,152.6553329,,,,,,,,,,,52387.14286,,,,,,,3877
25/7/2025,Calves,4828,2628,0,0,102,2096,2,,,,,,,,,,,,,,,,,,,,,,,,,,,,,,,,,,,,
25/7/2025,Cattle,157840,37235,82155,3832,4734,27284,2600,659.2287898,417.363116,424.156943,375.6285055,319.3580916,,,,,,,329.713377,320.5628764,403.9868933,427.0794091,,368.3807753,,355.1428571,5714.714286,7202.857143,1156.857143,1663.714286,,,,,,,3350.142857,9607.714286,20725.14286,6795,,4317.285714,
25/7/2025,Deer,0,0,0,0,0,0,0,,,,,,,,,,,,,,,,,,,,,,,,,,,,,,,,,,,,
25/7/2025,Goat,74099,23796,22405,1555,0,26343,0,,,,,,,,,,,,,,,,,,,,,,,,,,,,,,,,,,,,
25/7/2025,Lambs,370634,107890,1317,26703,5283,185814,43627,,,,,,972.962895,1188.596171,1168.992601,968.2427276,964.2310848,,,,,,172.7483742,,,,,,,,30320.14286,42566.85714,20190.85714,29076,19251.57143,,,,,,16418.71429,,
25/7/2025,Pigs,91994,17100,24526,23541,0,24224,2603,,,,,,,,,,,,,,,,,,,,,,,,,,,,,,,,,,,,
25/7/2025,Sheep,128995,76117,27,96,1620,35852,15283,,,,,,,,,,,693.4120281,,,,,,,222.0999245,,,,,,,,,,,59650.71429,,,,,,,2471.428571
1/8/2025,Calves,5154,2633,25,0,380,2113,3,,,,,,,,,,,,,,,,,,,,,,,,,,,,,,,,,,,,
1/8/2025,Cattle,150496,36248,76728,3812,4741,25637,3330,646.9751489,425.0254991,435.3014835,386.2018283,341.899919,,,,,,,352.1313221,350.630208,423.3832731,447.2018882,,384.9281612,,387.8571429,5276.142857,6039.285714,1236.714286,1506.857143,,,,,,,3226,9193.571429,19533.57143,6866.857143,,3998.571429,
1/8/2025,Deer,4,0,0,0,0,0,4,,,,,,,,,,,,,,,,,,,,,,,,,,,,,,,,,,,,
1/8/2025,Goat,60947,20612,21842,1910,0,16558,25,,,,,,,,,,,,,,,,,,,,,,,,,,,,,,,,,,,,
1/8/2025,Lambs,357832,109436,1343,34032,5327,180041,27653,,,,,,976.6669924,1183.346248,1178.647936,993.4037182,956.0762152,,,,,,189.5976802,,,,,,,,24528.28571,39181.85714,18556,26089.28571,17540.42857,,,,,,21074.28571,,
1/8/2025,Pigs,91158,17393,25036,22797,0,23453,2479,,,,,,,,,,,,,,,,,,,,,,,,,,,,,,,,,,,,
1/8/2025,Sheep,137340,72591,71,9144,2007,40948,12579,,,,,,,,,,,719.9601052,,,,,,,252.2743015,,,,,,,,,,,51195.57143,,,,,,,2643.142857
8/8/2025,Calves,6884,2547,6,0,1389,2940,2,,,,,,,,,,,,,,,,,,,,,,,,,,,,,,,,,,,,
8/8/2025,Cattle,156318,36976,81181,3824,4722,26393,3222,729.1550013,443.7300929,453.1759887,405.7628811,346.6305917,,,,,,,384.5191406,368.3037465,446.6185119,470.5067623,,397.5993812,,644.5714286,4207.714286,5791.142857,1388.285714,1605.857143,,,,,,,2922.714286,10473.71429,17984.42857,6873.285714,,4781.285714,
8/8/2025,Deer,7,0,0,3,0,0,4,,,,,,,,,,,,,,,,,,,,,,,,,,,,,,,,,,,,
8/8/2025,Goat,63173,18179,22098,990,0,21906,0,,,,,,,,,,,,,,,,,,,,,,,,,,,,,,,,,,,,
8/8/2025,Lambs,331922,107288,1282,16232,4535,174988,27597,,,,,,1020.388079,1207.918834,1218.73139,1052.06023,1006.691182,,,,,,181.5400112,,,,,,,,24112,36159.42857,19453.28571,26967.14286,14493.28571,,,,,,18824,,
8/8/2025,Pigs,91473,17175,26135,22822,0,22652,2689,,,,,,,,,,,,,,,,,,,,,,,,,,,,,,,,,,,,
8/8/2025,Sheep,147355,69014,64,14154,2358,49652,12113,,,,,,,,,,,765.3241159,,,,,,,228.9829312,,,,,,,,,,,51357,,,,,,,5917
15/8/2025,Calves,10318,2487,3,2,4030,3793,3,,,,,,,,,,,,,,,,,,,,,,,,,,,,,,,,,,,,
15/8/2025,Cattle,146610,35579,74009,3823,3603,25616,3980,756.312825,447.4084247,458.013705,410.2504206,341.9718725,,,,,,,391.3601383,357.2773712,454.9589127,478.8080193,,404.8216144,,593.4285714,4355.428571,6621.857143,1479.142857,1494.571429,,,,,,,2900.857143,11341.85714,20029.85714,7913.714286,,5729.285714,
15/8/2025,Deer,0,0,0,0,0,0,0,,,,,,,,,,,,,,,,,,,,,,,,,,,,,,,,,,,,
15/8/2025,Goat,71850,22689,22028,1639,0,25419,75,,,,,,,,,,,,,,,,,,,,,,,,,,,,,,,,,,,,
15/8/2025,Lambs,342205,108494,1252,15463,5213,182486,29297,,,,,,1013.635751,1191.621824,1206.905206,1051.561328,1024.367038,,,,,,175.736761,,,,,,,,28169.85714,38907.71429,19254.14286,32512,20297.71429,,,,,,22383.28571,,
15/8/2025,Pigs,88773,18052,22534,22938,0,22863,2386,,,,,,,,,,,,,,,,,,,,,,,,,,,,,,,,,,,,
15/8/2025,Sheep,138299,65848,23,14253,3249,33859,21067,,,,,,,,,,,753.3893474,,,,,,,224.8686866,,,,,,,,,,,59900.14286,,,,,,,6225.571429
22/8/2025,Calves,12393,2537,19,0,5458,4374,5,,,,,,,,,,,,,,,,,,,,,,,,,,,,,,,,,,,,
22/8/2025,Cattle,152381,35396,79961,3763,3660,25646,3955,761.9202784,462.6101537,462.4177574,410.8600545,343.1737797,,,,,,,399.3483449,354.73151,457.5238384,482.9016367,,417.1668503,,1051.571429,5213.428571,7252.142857,1584.571429,1280.428571,,,,,,,3741.428571,9401.142857,24942.71429,9012.285714,,5582.142857,
22/8/2025,Deer,24,0,16,0,0,0,8,,,,,,,,,,,,,,,,,,,,,,,,,,,,,,,,,,,,
22/8/2025,Goat,72840,21469,22034,4910,0,24411,16,,,,,,,,,,,,,,,,,,,,,,,,,,,,,,,,,,,,
22/8/2025,Lambs,372989,98130,1203,41908,4877,181996,44875,,,,,,982.1667492,1146.801827,1170.600309,1007.616993,993.832298,,,,,,177.0770125,,,,,,,,31306.85714,34608.57143,15357.57143,33404.85714,26601.28571,,,,,,26409.42857,,
22/8/2025,Pigs,93807,17663,25446,23598,0,24480,2620,,,,,,,,,,,,,,,,,,,,,,,,,,,,,,,,,,,,
22/8/2025,Sheep,139961,55115,9,10820,1441,47991,24585,,,,,,,,,,,729.4146178,,,,,,,210.7716527,,,,,,,,,,,68615.14286,,,,,,,8597.285714
29/8/2025,Calves,11922,2521,9,0,5769,3623,0,,,,,,,,,,,,,,,,,,,,,,,,,,,,,,,,,,,,
29/8/2025,Cattle,148336,35345,75169,3869,3818,26376,3759,773.9252608,482.8368282,470.0155649,418.2475644,345.2276597,,,,,,,409.2976398,360.6894546,468.0277416,484.883246,,430.959417,,711.4285714,5562.285714,7061.714286,1271.142857,980.8571429,,,,,,,3450.571429,7362.714286,23598.85714,9362.142857,,5602.857143,
29/8/2025,Deer,6,0,0,0,0,0,6,,,,,,,,,,,,,,,,,,,,,,,,,,,,,,,,,,,,
29/8/2025,Goat,73803,23841,22273,4489,0,23177,23,,,,,,,,,,,,,,,,,,,,,,,,,,,,,,,,,,,,
29/8/2025,Lambs,351669,99219,1318,41330,5464,164993,39345,,,,,,962.4783553,1132.606334,1140.266419,965.8453772,1049.175071,,,,,,174.8218542,,,,,,,,28503.42857,32275,13178.57143,26279.57143,24997.85714,,,,,,36454.42857,,
29/8/2025,Pigs,91999,17460,25298,23084,0,23745,2412,,,,,,,,,,,,,,,,,,,,,,,,,,,,,,,,,,,,
29/8/2025,Sheep,143761,53889,14,10515,1394,47254,30695,,,,,,,,,,,709.9886986,,,,,,,219.8096828,,,,,,,,,,,61725.85714,,,,,,,7567.714286
5/9/2025,Calves,10718,2081,8,0,5381,3246,2,,,,,,,,,,,,,,,,,,,,,,,,,,,,,,,,,,,,
5/9/2025,Cattle,151824,35387,81710,3758,1786,25549,3634,766.984836,484.3499979,479.4046516,426.2755275,361.5152136,,,,,,,412.2509926,371.0161872,468.9906879,493.2492704,,435.1359652,,600.4285714,5692,8282,1633.428571,1041.142857,,,,,,,3905.285714,7363.714286,22604.14286,7964.571429,,6430.285714,
5/9/2025,Deer,10,0,0,0,0,0,10,,,,,,,,,,,,,,,,,,,,,,,,,,,,,,,,,,,,
5/9/2025,Goat,81611,23421,25361,2912,0,29893,24,,,,,,,,,,,,,,,,,,,,,,,,,,,,,,,,,,,,
5/9/2025,Lambs,363255,100659,1403,40048,5488,174977,40680,,,,,,1008.588724,1173.694297,1148.951181,1014.264592,1102.075217,,,,,,174.9218825,,,,,,,,27841.71429,33790.28571,12687.85714,27143.42857,19463.71429,,,,,,40874,,
5/9/2025,Pigs,90911,17012,24785,22961,0,23648,2505,,,,,,,,,,,,,,,,,,,,,,,,,,,,,,,,,,,,
5/9/2025,Sheep,136270,50105,66,11997,1756,47347,24999,,,,,,,,,,,709.2546739,,,,,,,219.85503,,,,,,,,,,,55732.71429,,,,,,,4124.285714
12/9/2025,Calves,10250,2565,8,0,4430,3243,4,,,,,,,,,,,,,,,,,,,,,,,,,,,,,,,,,,,,
12/9/2025,Cattle,148432,32852,79177,3877,4044,24739,3743,775.7605927,480.8319598,485.0791759,432.4311502,368.7321684,,,,,,,413.1180591,377.0514763,469.8407377,484.0776584,,442.6636974,,766.1428571,4619,7879.142857,1840.714286,1302,,,,,,,3146,8524,22910.28571,9739.571429,,5820.571429,
12/9/2025,Deer,15,7,0,0,0,0,8,,,,,,,,,,,,,,,,,,,,,,,,,,,,,,,,,,,,
12/9/2025,Goat,70979,22747,22807,3762,0,21638,25,,,,,,,,,,,,,,,,,,,,,,,,,,,,,,,,,,,,
12/9/2025,Lambs,344793,102032,1351,40704,5417,159094,36195,,,,,,1030.842224,1171.093096,1159.83307,1032.539686,1116.395202,,,,,,180.8359543,,,,,,,,26961.14286,35683.85714,14632.28571,27723.14286,18630.85714,,,,,,43299.28571,,
12/9/2025,Pigs,90323,17210,24250,23059,0,23234,2570,,,,,,,,,,,,,,,,,,,,,,,,,,,,,,,,,,,,
12/9/2025,Sheep,147546,56050,33,11802,1573,52695,25393,,,,,,,,,,,726.5503769,,,,,,,218.1120693,,,,,,,,,,,58350.28571,,,,,,,10680.28571
19/9/2025,Calves,8823,2505,12,0,3669,2635,2,,,,,,,,,,,,,,,,,,,,,,,,,,,,,,,,,,,,
19/9/2025,Cattle,151320,34194,81186,3817,3787,24577,3759,796.9311651,478.6905624,479.4588401,430.1372509,373.6410264,,,,,,,407.5267486,385.1708648,473.5586425,490.2440131,,441.9283599,,821.4285714,4025.857143,7849,2317.142857,1165.571429,,,,,,,2926.428571,9093.142857,20793.28571,8929.857143,,5783,
19/9/2025,Deer,0,0,0,0,0,0,0,,,,,,,,,,,,,,,,,,,,,,,,,,,,,,,,,,,,
19/9/2025,Goat,69268,19858,21115,2316,0,25930,49,,,,,,,,,,,,,,,,,,,,,,,,,,,,,,,,,,,,
19/9/2025,Lambs,383301,103456,1336,41709,5197,187983,43620,,,,,,1063.145177,1182.373898,1173.526802,1050.710171,1138.588742,,,,,,192.8599814,,,,,,,,24706.42857,34421.14286,11945.14286,23255.57143,22349.57143,,,,,,43494.14286,,
19/9/2025,Pigs,90198,16618,24059,23133,0,23895,2493,,,,,,,,,,,,,,,,,,,,,,,,,,,,,,,,,,,,
19/9/2025,Sheep,153525,56659,6,13357,776,49282,33445,,,,,,,,,,,758.0279703,,,,,,,246.5635381,,,,,,,,,,,58334.28571,,,,,,,17251.28571
26/9/2025,Calves,8124,2553,21,0,3054,2494,2,,,,,,,,,,,,,,,,,,,,,,,,,,,,,,,,,,,,
26/9/2025,Cattle,147019,34340,79819,3512,3602,21957,3789,820.7717237,472.641183,472.4164103,434.2328913,355.6155249,,,,,,,393.6723528,385.4107701,470.8628585,499.0807068,,431.893674,,920.1428571,5333.285714,8037.571429,2348.571429,1306.714286,,,,,,,4418.714286,9748,24644,9268.428571,,7409.428571,
26/9/2025,Deer,0,0,0,0,0,0,0,,,,,,,,,,,,,,,,,,,,,,,,,,,,,,,,,,,,
26/9/2025,Goat,69937,20299,21805,2930,0,24873,30,,,,,,,,,,,,,,,,,,,,,,,,,,,,,,,,,,,,
26/9/2025,Lambs,373043,102597,1246,41414,4689,172362,50735,,,,,,1080.8351,1176.850014,1164.966183,1082.554078,1136.356507,,,,,,196.9846235,,,,,,,,28281.71429,40753.28571,12045.14286,25799,25627.28571,,,,,,43205.42857,,
26/9/2025,Pigs,86023,16815,23766,22680,0,20289,2473,,,,,,,,,,,,,,,,,,,,,,,,,,,,,,,,,,,,
26/9/2025,Sheep,161014,69524,23,13116,912,47160,30279,,,,,,,,,,,768.9265265,,,,,,,259.5440291,,,,,,,,,,,63539.28571,,,,,,,17599.42857
3/10/2025,Calves,6966,2598,9,0,2216,2143,0,,,,,,,,,,,,,,,,,,,,,,,,,,,,,,,,,,,,
3/10/2025,Cattle,149149,35077,78906,3818,4130,24215,3003,823.339007,472.1847489,476.8190595,435.1108269,350.0346034,,,,,,,396.5969655,378.3768945,460.7995535,491.2267935,,426.4618256,,896,6610.857143,8602,1942.714286,1299.428571,,,,,,,5074.857143,9476.428571,23186,6548.714286,,6250.285714,
3/10/2025,Deer,0,0,0,0,0,0,0,,,,,,,,,,,,,,,,,,,,,,,,,,,,,,,,,,,,
3/10/2025,Goat,74593,23091,20136,2997,0,28342,27,,,,,,,,,,,,,,,,,,,,,,,,,,,,,,,,,,,,
3/10/2025,Lambs,342245,67491,1383,41460,8055,178249,45607,,,,,,1050.359041,1153.001321,1128.081565,1046.021459,1118.173401,,,,,,188.7355606,,,,,,,,26696.14286,41597.57143,10810.28571,24239,26695.57143,,,,,,62438.71429,,
3/10/2025,Pigs,90405,17171,24090,23073,0,23926,2145,,,,,,,,,,,,,,,,,,,,,,,,,,,,,,,,,,,,
3/10/2025,Sheep,151081,59933,6,12803,1347,48837,28155,,,,,,,,,,,788.6002524,,,,,,,246.2809277,,,,,,,,,,,67143.42857,,,,,,,17172.85714
10/10/2025,Calves,5758,2042,8,0,1822,1884,2,,,,,,,,,,,,,,,,,,,,,,,,,,,,,,,,,,,,
10/10/2025,Cattle,134650,28729,70749,3065,3768,24660,3679,795.3312158,465.0701661,469.3127589,432.9313473,346.315426,,,,,,,387.9851739,369.3023005,451.4250715,466.5890212,,418.1155455,,892.8571429,3553.857143,7306.571429,2026,1091.428571,,,,,,,3501,8754.714286,19062.57143,7336.571429,,5582.857143,
10/10/2025,Deer,0,0,0,0,0,0,0,,,,,,,,,,,,,,,,,,,,,,,,,,,,,,,,,,,,
10/10/2025,Goat,68605,21272,18661,4076,0,24378,218,,,,,,,,,,,,,,,,,,,,,,,,,,,,,,,,,,,,
10/10/2025,Lambs,343948,58022,1232,39570,6398,191717,47009,,,,,,1055.076897,1149.331306,1122.612194,1029.88942,1119.465215,,,,,,183.8565383,,,,,,,,24667.14286,42034,11484.42857,18325.71429,33069,,,,,,63651.71429,,
10/10/2025,Pigs,79924,14053,20644,20201,0,22366,2660,,,,,,,,,,,,,,,,,,,,,,,,,,,,,,,,,,,,
10/10/2025,Sheep,158038,49103,200,12747,763,61305,33920,,,,,,,,,,,795.7792372,,,,,,,248.4857009,,,,,,,,,,,76831.85714,,,,,,,16319.14286
17/10/2025,Calves,5013,2582,0,0,840,1590,1,,,,,,,,,,,,,,,,,,,,,,,,,,,,,,,,,,,,
17/10/2025,Cattle,152947,35210,80940,3814,4426,24999,3558,795.4799846,470.0397631,464.4435021,426.0453839,327.1590567,,,,,,,373.2242171,363.444755,439.4111623,451.7881039,,407.5567746,,766.7142857,3733.285714,8798.428571,1627.714286,970.7142857,,,,,,,2974,9089.857143,15516.85714,5246.285714,,6389.428571,
17/10/2025,Deer,7,0,0,0,0,0,7,,,,,,,,,,,,,,,,,,,,,,,,,,,,,,,,,,,,
17/10/2025,Goat,78526,23473,20321,3801,0,30901,30,,,,,,,,,,,,,,,,,,,,,,,,,,,,,,,,,,,,
17/10/2025,Lambs,373289,69314,1304,42173,7643,202504,50351,,,,,,1006.434509,1100.002638,1080.803765,972.6758173,1069.679382,,,,,,179.2814649,,,,,,,,33639.14286,50915,13380.28571,24388.14286,46667.57143,,,,,,58945.14286,,
17/10/2025,Pigs,91669,16730,26123,23552,0,22711,2553,,,,,,,,,,,,,,,,,,,,,,,,,,,,,,,,,,,,
17/10/2025,Sheep,165912,61075,20,11558,3853,54553,34853,,,,,,,,,,,724.5056159,,,,,,,245.3980274,,,,,,,,,,,89282.42857,,,,,,,15468.14286
24/10/2025,Calves,4645,2603,13,0,826,1203,0,,,,,,,,,,,,,,,,,,,,,,,,,,,,,,,,,,,,
24/10/2025,Cattle,158511,35839,84290,3814,4508,26443,3617,800.8755055,458.5979675,453.1062992,418.5373232,324.8402608,,,,,,,368.9966137,361.231826,430.6995931,441.9409259,,401.4478449,,1267.857143,4935.285714,9165.857143,1868,839.2857143,,,,,,,3713,9223.428571,19333.57143,5792.857143,,6488,
24/10/2025,Deer,0,0,0,0,0,0,0,,,,,,,,,,,,,,,,,,,,,,,,,,,,,,,,,,,,
24/10/2025,Goat,77624,22778,20306,4875,0,29619,46,,,,,,,,,,,,,,,,,,,,,,,,,,,,,,,,,,,,
24/10/2025,Lambs,437848,110960,1233,46170,7026,219447,53012,,,,,,981.3168903,1065.652207,1056.230663,919.972721,1034.011472,,,,,,179.7413644,,,,,,,,28651.28571,44309.85714,11869,20257.42857,49291.71429,,,,,,55437.14286,,
24/10/2025,Pigs,87699,16470,24420,21561,0,22782,2466,,,,,,,,,,,,,,,,,,,,,,,,,,,,,,,,,,,,
24/10/2025,Sheep,190491,76337,8,12515,5264,58427,37940,,,,,,,,,,,682.4388426,,,,,,,230.1217287,,,,,,,,,,,84623.57143,,,,,,,18223.85714
31/10/2025,Calves,4077,2629,9,0,444,992,3,,,,,,,,,,,,,,,,,,,,,,,,,,,,,,,,,,,,
31/10/2025,Cattle,155627,35938,81738,3821,5012,25434,3684,790.8516948,463.648065,454.695844,423.7686118,335.5697842,,,,,,,383.6398742,370.4583774,439.4958069,452.7415737,,407.6261085,,1146.428571,4606.571429,7775.285714,1829.714286,734.7142857,,,,,,,3589.857143,8517.857143,19623.42857,7031,,5802.714286,
31/10/2025,Deer,8,0,0,0,0,0,8,,,,,,,,,,,,,,,,,,,,,,,,,,,,,,,,,,,,
31/10/2025,Goat,78926,23198,20327,4062,0,31318,21,,,,,,,,,,,,,,,,,,,,,,,,,,,,,,,,,,,,
31/10/2025,Lambs,436955,109206,1163,41946,7816,224732,52092,,,,,,1005.729607,1072.000737,1072.595044,932.2032586,1060.281952,,,,,,185.6315327,,,,,,,,24191.57143,42143.28571,13304.85714,15783.28571,45029.85714,,,,,,51522.14286,,
31/10/2025,Pigs,83766,16787,18443,21952,0,24118,2466,,,,,,,,,,,,,,,,,,,,,,,,,,,,,,,,,,,,
31/10/2025,Sheep,197018,81816,39,11313,3897,60335,39618,,,,,,,,,,,702.2401498,,,,,,,217.6870893,,,,,,,,,,,71969.14286,,,,,,,16423.71429
7/11/2025,Calves,3578,2602,4,0,133,839,0,,,,,,,,,,,,,,,,,,,,,,,,,,,,,,,,,,,,
7/11/2025,Cattle,149067,35795,80675,3815,3944,21158,3680,760.4414273,475.7249881,464.5450391,438.2390264,362.1530127,,,,,,,395.1237884,390.7104521,454.4996315,478.9647924,,420.7676238,,986.5714286,4692.571429,7089.714286,1687.428571,528,,,,,,,4146.142857,7950.714286,18186.57143,5777.142857,,5013.571429,
7/11/2025,Deer,0,0,0,0,0,0,0,,,,,,,,,,,,,,,,,,,,,,,,,,,,,,,,,,,,
7/11/2025,Goat,84272,27479,20282,4575,0,31936,0,,,,,,,,,,,,,,,,,,,,,,,,,,,,,,,,,,,,
7/11/2025,Lambs,401818,106219,1371,44782,6343,186137,56966,,,,,,1041.323888,1119.302554,1134.962182,998.4463322,1101.010867,,,,,,192.9797945,,,,,,,,24640,47000.85714,16716.28571,16824.14286,39003.57143,,,,,,43365,,
7/11/2025,Pigs,83965,16779,23298,22390,0,18947,2551,,,,,,,,,,,,,,,,,,,,,,,,,,,,,,,,,,,,
7/11/2025,Sheep,166432,67979,26,12316,2597,41128,42386,,,,,,,,,,,741.4711299,,,,,,,232.8929011,,,,,,,,,,,75939.57143,,,,,,,18319.14286
14/11/2025,Calves,3614,2598,0,0,136,878,2,,,,,,,,,,,,,,,,,,,,,,,,,,,,,,,,,,,,
14/11/2025,Cattle,154917,35695,81523,3812,4989,25186,3712,772.6950207,496.4627341,476.7020811,448.7313354,370.4929055,,,,,,,409.3758164,396.3180495,469.173737,487.5357707,,433.3555696,,1239.714286,4877.714286,8459.285714,2313.714286,789,,,,,,,3774.428571,11077.85714,19387.71429,5701.142857,,5610.428571,
14/11/2025,Deer,8,0,0,0,0,0,8,,,,,,,,,,,,,,,,,,,,,,,,,,,,,,,,,,,,
14/11/2025,Goat,94096,23480,30324,6216,0,34044,32,,,,,,,,,,,,,,,,,,,,,,,,,,,,,,,,,,,,
14/11/2025,Lambs,424440,101646,1279,42259,5625,214035,59596,,,,,,1045.680825,1142.651669,1145.516794,1000.045433,1124.02613,,,,,,202.9856898,,,,,,,,25191,56802.42857,19620.42857,16882.57143,44822.71429,,,,,,42462.14286,,
14/11/2025,Pigs,83763,17461,18335,21659,0,23760,2548,,,,,,,,,,,,,,,,,,,,,,,,,,,,,,,,,,,,
14/11/2025,Sheep,187003,78722,80,9409,4387,54375,40030,,,,,,,,,,,730.8820672,,,,,,,240.1112358,,,,,,,,,,,85459.85714,,,,,,,21537
21/11/2025,Calves,2805,2098,5,0,71,628,3,,,,,,,,,,,,,,,,,,,,,,,,,,,,,,,,,,,,
21/11/2025,Cattle,152197,36057,77913,3848,4931,25473,3975,790.6557081,508.9881309,486.3657351,460.9215823,368.4962153,,,,,,,422.9843465,394.9451097,481.0623111,496.4081795,,440.1241922,,1340.714286,5140.285714,9313.857143,2794.428571,936,,,,,,,3925.142857,11905.14286,22531.42857,6733,,6656.428571,
21/11/2025,Deer,0,0,0,0,0,0,0,,,,,,,,,,,,,,,,,,,,,,,,,,,,,,,,,,,,
21/11/2025,Goat,84042,23676,20299,4820,0,34871,376,,,,,,,,,,,,,,,,,,,,,,,,,,,,,,,,,,,,
21/11/2025,Lambs,419964,96093,1294,42426,5028,217710,57413,,,,,,1065.526625,1146.952421,1161.992508,996.4500239,1147.962219,,,,,,197.3529003,,,,,,,,25627.42857,63775.42857,21947.71429,11912,56646.85714,,,,,,50720.28571,,
21/11/2025,Pigs,94457,17735,28020,22061,0,24084,2557,,,,,,,,,,,,,,,,,,,,,,,,,,,,,,,,,,,,
21/11/2025,Sheep,190943,88777,49,10671,5461,50129,35856,,,,,,,,,,,743.0412508,,,,,,,241.6640116,,,,,,,,,,,77876.57143,,,,,,,18898.14286
28/11/2025,Calves,3571,2695,15,0,0,860,1,,,,,,,,,,,,,,,,,,,,,,,,,,,,,,,,,,,,
28/11/2025,Cattle,150177,35798,76586,3632,4888,25218,4055,805.5221218,519.3987808,490.0477482,460.7419036,369.5298389,,,,,,,424.4539583,394.2826692,486.4302943,504.3544097,,438.9080317,,1302.714286,6462.285714,11491,2856.714286,817.2857143,,,,,,,4897.428571,12189.42857,28971.57143,10308.71429,,8889,
28/11/2025,Deer,8,0,0,0,0,0,8,,,,,,,,,,,,,,,,,,,,,,,,,,,,,,,,,,,,
28/11/2025,Goat,84879,26997,20253,6903,0,29066,1660,,,,,,,,,,,,,,,,,,,,,,,,,,,,,,,,,,,,
28/11/2025,Lambs,411960,97174,1253,38032,5541,227712,42248,,,,,,1056.069511,1118.150046,1134.037869,969.1914848,1129.234512,,,,,,194.515899,,,,,,,,28248.71429,69461.71429,20839.57143,9527.142857,70882.71429,,,,,,68901.28571,,
28/11/2025,Pigs,94195,17347,25531,23145,0,25587,2585,,,,,,,,,,,,,,,,,,,,,,,,,,,,,,,,,,,,
28/11/2025,Sheep,188494,89976,98,8316,5037,53285,31782,,,,,,,,,,,750.3746009,,,,,,,262.6866548,,,,,,,,,,,84745,,,,,,,19768.42857
5/12/2025,Calves,2938,2561,4,4,40,328,1,,,,,,,,,,,,,,,,,,,,,,,,,,,,,,,,,,,,
5/12/2025,Cattle,156012,37419,79674,3841,4997,26320,3761,799.0887083,512.6553994,484.7975269,453.2665353,367.7806644,,,,,,,411.3948757,390.8846696,472.1531128,484.9070825,,428.6871482,,1361.142857,6958.714286,12589.14286,2898.571429,822.7142857,,,,,,,5852.142857,12834.42857,30132.42857,9656,,9274.285714,
5/12/2025,Deer,0,0,0,0,0,0,0,,,,,,,,,,,,,,,,,,,,,,,,,,,,,,,,,,,,
5/12/2025,Goat,87378,25701,20274,6087,0,34291,1025,,,,,,,,,,,,,,,,,,,,,,,,,,,,,,,,,,,,
5/12/2025,Lambs,419835,96021,1288,43577,5332,225368,48249,,,,,,1035.170406,1082.601389,1092.485083,954.6874824,1095.542404,,,,,,197.5316217,,,,,,,,31585.57143,66312,22154.42857,8428.571429,69217.71429,,,,,,80635.85714,,
5/12/2025,Pigs,102454,18370,27838,25616,0,28028,2602,,,,,,,,,,,,,,,,,,,,,,,,,,,,,,,,,,,,
5/12/2025,Sheep,187078,89857,17,9341,4917,48491,34455,,,,,,,,,,,759.7163005,,,,,,,258.8062019,,,,,,,,,,,98708,,,,,,,18621.57143
12/12/2025,Calves,3508,2879,11,2,0,615,1,,,,,,,,,,,,,,,,,,,,,,,,,,,,,,,,,,,,
12/12/2025,Cattle,154861,36123,78988,3835,4898,27046,3971,797.0111748,495.1467802,474.7330425,446.1677625,352.4372664,,,,,,,403.4464988,382.8953899,465.4374887,480.0627633,,415.9831568,,1543.142857,6549.285714,11631.85714,3054.857143,797.8571429,,,,,,,5065.714286,13978,27271,9230.857143,,8271.142857,
12/12/2025,Deer,24,0,16,0,0,0,8,,,,,,,,,,,,,,,,,,,,,,,,,,,,,,,,,,,,
12/12/2025,Goat,99997,24075,33810,7025,0,34226,861,,,,,,,,,,,,,,,,,,,,,,,,,,,,,,,,,,,,
12/12/2025,Lambs,418342,95037,1203,43066,6913,221324,50799,,,,,,1029.849657,1073.225162,1078.966942,960.2860092,1081.19651,,,,,,195.5129641,,,,,,,,31977.28571,67175.42857,23622.28571,10064.71429,72314.71429,,,,,,71670.71429,,
12/12/2025,Pigs,103782,18718,28340,25334,0,28856,2534,,,,,,,,,,,,,,,,,,,,,,,,,,,,,,,,,,,,
12/12/2025,Sheep,193454,93047,16,8979,7232,55500,28680,,,,,,,,,,,755.6075931,,,,,,,261.1571775,,,,,,,,,,,98434.28571,,,,,,,14499.85714
19/12/2025,Calves,3646,3264,12,1,0,369,0,,,,,,,,,,,,,,,,,,,,,,,,,,,,,,,,,,,,
19/12/2025,Cattle,135227,35688,60873,2268,5002,27248,4148,797.7844766,490.1326998,465.7172086,441.6068195,345.2759848,,,,,,,397.5697667,369.9338153,459.2006124,481.8200109,,411.6900426,,1626.285714,4480.428571,6587.571429,1646.857143,689.4285714,,,,,,,3756,8633.857143,21482,7819.285714,,5567.285714,
19/12/2025,Deer,0,0,0,0,0,0,0,,,,,,,,,,,,,,,,,,,,,,,,,,,,,,,,,,,,
19/12/2025,Goat,103596,20924,42728,7702,0,31845,397,,,,,,,,,,,,,,,,,,,,,,,,,,,,,,,,,,,,
19/12/2025,Lambs,450264,117613,1586,38160,7396,229851,55658,,,,,,1037.390053,1075.949759,1079.657311,963.4653861,1086.677313,,,,,,187.2425418,,,,,,,,27449.14286,60377.14286,21841.14286,8544,68441.28571,,,,,,46160.85714,,
19/12/2025,Pigs,103437,19729,28439,25559,0,27170,2540,,,,,,,,,,,,,,,,,,,,,,,,,,,,,,,,,,,,
19/12/2025,Sheep,189585,78910,13,8435,9848,59387,32992,,,,,,,,,,,722.2208091,,,,,,,257.4440681,,,,,,,,,,,87988.14286,,,,,,,11490.85714
26/12/2025,Calves,372,9,4,0,0,358,1,,,,,,,,,,,,,,,,,,,,,,,,,,,,,,,,,,,,
26/12/2025,Cattle,36299,9187,10357,1896,1206,11095,2558,850.8786605,471.583647,456.7181006,442.9643684,343.9644649,,,,,,,402.3433587,365.6046915,469.5045462,487.8861858,,414.685137,,814.2,1510.6,1524.8,354.8,449.5,,,,,,,1333.2,2153.4,4681.857143,1110.428571,,1291.2,
26/12/2025,Deer,8,0,0,0,0,0,8,,,,,,,,,,,,,,,,,,,,,,,,,,,,,,,,,,,,
26/12/2025,Goat,23195,10455,275,3056,0,8144,1265,,,,,,,,,,,,,,,,,,,,,,,,,,,,,,,,,,,,
26/12/2025,Lambs,204420,46964,648,22150,0,116145,18513,,,,,,1070.146056,1082.249529,1082.370727,975.2171357,1102.936461,,,,,,194.8620549,,,,,,,,13700.6,35346.4,12341.4,3656.8,36383.4,,,,,,16353,,
26/12/2025,Pigs,45231,6196,13912,12192,0,11530,1401,,,,,,,,,,,,,,,,,,,,,,,,,,,,,,,,,,,,
26/12/2025,Sheep,57338,22781,43,3205,0,12787,18522,,,,,,,,,,,707.2619171,,,,,,,226.8845713,,,,,,,,,,,34694.2,,,,,,,6970.333333