result_date,contributor_state_id,species_id,slaughter_count
2024-05-03,WA,Goat,0
2024-05-03,QLD,Sheep,42
2024-05-03,NSW,Calves,1356
2024-05-03,TAS,Calves,0
2024-05-03,QLD,Deer,16
2024-05-03,VIC,Cattle,19515
2024-05-03,SA,Lambs,54623
2024-05-03,VIC,Pigs,26113
2024-05-03,WA,Pigs,2712
2024-05-03,SA,Sheep,14624
2024-05-03,SA,Goat,723
2024-05-03,QLD,Pigs,25519
2024-05-03,TAS,Sheep,5315
2024-05-03,VIC,Calves,3813
2024-05-03,SA,Pigs,25167
2024-05-03,VIC,Goat,21594
2024-05-03,WA,Lambs,54464
2024-05-03,NSW,Lambs,127389
2024-05-03,QLD,Goat,19164
2024-05-03,QLD,Lambs,1767
2024-05-03,NSW,Goat,19777
2024-05-03,QLD,Calves,4
2024-05-03,VIC,Sheep,45421
2024-05-03,SA,Calves,9
2024-05-03,TAS,Lambs,9439
2024-05-03,VIC,Deer,0
2024-05-03,WA,Deer,0
2024-05-03,WA,Sheep,38871
2024-05-03,QLD,Cattle,73432
2024-05-03,NSW,Cattle,33359
2024-05-03,NSW,Pigs,17966
2024-05-03,WA,Calves,4
2024-05-03,WA,Cattle,2697
2024-05-03,TAS,Cattle,4477
2024-05-03,NSW,Sheep,83680
2024-05-03,NSW,Deer,0
2024-05-03,VIC,Lambs,254542
2024-05-03,SA,Deer,0
2024-05-03,SA,Cattle,3465
2024-05-10,QLD,Deer,0
2024-05-10,VIC,Goat,22030
2024-05-10,VIC,Cattle,20419
2024-05-10,VIC,Lambs,245527
2024-05-10,VIC,Deer,0
2024-05-10,NSW,Deer,0
2024-05-10,WA,Goat,10
2024-05-10,TAS,Calves,0
2024-05-10,NSW,Goat,19988
2024-05-10,NSW,Pigs,17692
2024-05-10,QLD,Sheep,56
2024-05-10,SA,Lambs,65032
2024-05-10,QLD,Cattle,62747
2024-05-10,NSW,Sheep,80770
2024-05-10,SA,Deer,0
2024-05-10,TAS,Sheep,4617
2024-05-10,QLD,Goat,19172
2024-05-10,WA,Lambs,56734
2024-05-10,SA,Cattle,3432
2024-05-10,SA,Goat,828
2024-05-10,WA,Cattle,2798
2024-05-10,VIC,Calves,4041
2024-05-10,WA,Deer,0
2024-05-10,TAS,Lambs,9857
2024-05-10,QLD,Calves,7
2024-05-10,NSW,Lambs,127309
2024-05-10,SA,Calves,10
2024-05-10,SA,Pigs,24312
2024-05-10,WA,Calves,0
2024-05-10,WA,Pigs,2742
2024-05-10,VIC,Sheep,49778
2024-05-10,QLD,Pigs,23888
2024-05-10,VIC,Pigs,25675
2024-05-10,WA,Sheep,39789
2024-05-10,QLD,Lambs,1252
2024-05-10,NSW,Calves,1577
2024-05-10,NSW,Cattle,34458
2024-05-10,SA,Sheep,13242
2024-05-10,TAS,Cattle,5191
2024-05-17,QLD,Goat,18845
2024-05-17,QLD,Pigs,27767
2024-05-17,TAS,Sheep,5091
2024-05-17,WA,Lambs,56057
2024-05-17,WA,Sheep,35422
2024-05-17,VIC,Pigs,24595
2024-05-17,NSW,Calves,749
2024-05-17,WA,Goat,8
2024-05-17,QLD,Deer,17
2024-05-17,VIC,Deer,0
2024-05-17,SA,Goat,1450
2024-05-17,VIC,Cattle,20695
2024-05-17,SA,Deer,0
2024-05-17,SA,Lambs,64398
2024-05-17,SA,Sheep,13016
2024-05-17,VIC,Sheep,54615
2024-05-17,VIC,Calves,3870
2024-05-17,QLD,Calves,3
2024-05-17,NSW,Deer,0
2024-05-17,SA,Calves,9
2024-05-17,TAS,Calves,0
2024-05-17,QLD,Sheep,66
2024-05-17,WA,Calves,5
2024-05-17,WA,Pigs,2684
2024-05-17,TAS,Cattle,5014
2024-05-17,NSW,Lambs,129125
2024-05-17,NSW,Cattle,33761
2024-05-17,QLD,Lambs,1446
2024-05-17,NSW,Pigs,17353
2024-05-17,WA,Deer,0
2024-05-17,WA,Cattle,2772
2024-05-17,NSW,Goat,19146
2024-05-17,SA,Cattle,3399
2024-05-17,VIC,Goat,20157
2024-05-17,QLD,Cattle,72568
2024-05-17,VIC,Lambs,248811
2024-05-17,SA,Pigs,23167
2024-05-17,NSW,Sheep,80671
2024-05-17,TAS,Lambs,9729
2024-05-24,NSW,Deer,0
2024-05-24,VIC,Lambs,255849
2024-05-24,WA,Sheep,35206
2024-05-24,QLD,Lambs,1499
2024-05-24,SA,Sheep,12468
2024-05-24,NSW,Cattle,32320
2024-05-24,WA,Deer,8
2024-05-24,SA,Calves,8
2024-05-24,WA,Calves,0
2024-05-24,TAS,Cattle,5072
2024-05-24,VIC,Sheep,53889
2024-05-24,WA,Lambs,58038
2024-05-24,QLD,Pigs,26738
2024-05-24,QLD,Sheep,20
2024-05-24,SA,Lambs,61195
2024-05-24,NSW,Lambs,121297
2024-05-24,TAS,Sheep,4045
2024-05-24,QLD,Calves,7
2024-05-24,NSW,Calves,1314
2024-05-24,WA,Cattle,2738
2024-05-24,VIC,Calves,3654
2024-05-24,SA,Cattle,3446
2024-05-24,VIC,Pigs,25662
2024-05-24,NSW,Pigs,17096
2024-05-24,WA,Goat,12
2024-05-24,SA,Deer,6
2024-05-24,QLD,Goat,20096
2024-05-24,NSW,Sheep,82535
2024-05-24,SA,Goat,1400
2024-05-24,NSW,Goat,17745
2024-05-24,QLD,Deer,0
2024-05-24,WA,Pigs,2682
2024-05-24,TAS,Calves,0
2024-05-24,SA,Pigs,23384
2024-05-24,VIC,Goat,16391
2024-05-24,TAS,Lambs,10769
2024-05-24,QLD,Cattle,74952
2024-05-24,VIC,Deer,0
2024-05-24,VIC,Cattle,20805
2024-05-31,NSW,Lambs,124584
2024-05-31,SA,Lambs,61675
2024-05-31,SA,Pigs,24464
2024-05-31,NSW,Calves,785
2024-05-31,QLD,Sheep,26
2024-05-31,NSW,Deer,0
2024-05-31,QLD,Pigs,27542
2024-05-31,TAS,Calves,0
2024-05-31,VIC,Sheep,59745
2024-05-31,SA,Sheep,13249
2024-05-31,QLD,Cattle,74765
2024-05-31,WA,Deer,8
2024-05-31,WA,Sheep,33806
2024-05-31,QLD,Deer,0
2024-05-31,WA,Lambs,57211
2024-05-31,NSW,Cattle,34853
2024-05-31,NSW,Pigs,17431
2024-05-31,WA,Calves,0
2024-05-31,SA,Goat,1320
2024-05-31,SA,Calves,12
2024-05-31,VIC,Goat,18583
2024-05-31,QLD,Calves,12
2024-05-31,VIC,Pigs,25121
2024-05-31,TAS,Sheep,6962
2024-05-31,SA,Cattle,3480
2024-05-31,WA,Goat,0
2024-05-31,WA,Cattle,2898
2024-05-31,VIC,Calves,3774
2024-05-31,TAS,Lambs,8255
2024-05-31,TAS,Cattle,4966
2024-05-31,NSW,Goat,20917
2024-05-31,QLD,Goat,19028
2024-05-31,WA,Pigs,2726
2024-05-31,VIC,Lambs,246723
2024-05-31,VIC,Cattle,21200
2024-05-31,QLD,Lambs,1568
2024-05-31,VIC,Deer,0
2024-05-31,NSW,Sheep,76573
2024-05-31,SA,Deer,0
2024-06-07,VIC,Goat,13850
2024-06-07,NSW,Deer,10
2024-06-07,VIC,Lambs,247944
2024-06-07,SA,Sheep,11986
2024-06-07,QLD,Lambs,1681
2024-06-07,QLD,Cattle,73707
2024-06-07,NSW,Pigs,16649
2024-06-07,WA,Sheep,25709
2024-06-07,NSW,Goat,17146
2024-06-07,SA,Calves,12
2024-06-07,VIC,Pigs,24770
2024-06-07,VIC,Cattle,21844
2024-06-07,VIC,Sheep,49525
2024-06-07,QLD,Calves,4
2024-06-07,NSW,Lambs,126366
2024-06-07,WA,Deer,8
2024-06-07,WA,Calves,3
2024-06-07,QLD,Pigs,26723
2024-06-07,TAS,Sheep,2837
2024-06-07,TAS,Lambs,10658
2024-06-07,NSW,Sheep,76925
2024-06-07,TAS,Cattle,5035
2024-06-07,QLD,Deer,0
2024-06-07,NSW,Cattle,33849
2024-06-07,SA,Deer,4
2024-06-07,WA,Goat,12
2024-06-07,WA,Pigs,1845
2024-06-07,WA,Lambs,46125
2024-06-07,NSW,Calves,1767
2024-06-07,SA,Lambs,60845
2024-06-07,VIC,Deer,0
2024-06-07,SA,Goat,2092
2024-06-07,TAS,Calves,0
2024-06-07,SA,Pigs,24919
2024-06-07,QLD,Goat,19803
2024-06-07,QLD,Sheep,2
2024-06-07,SA,Cattle,3373
2024-06-07,WA,Cattle,2234
2024-06-07,VIC,Calves,3211
2024-06-14,SA,Calves,0
2024-06-14,WA,Cattle,2617
2024-06-14,VIC,Goat,13037
2024-06-14,NSW,Goat,17176
2024-06-14,QLD,Calves,11
2024-06-14,SA,Goat,2286
2024-06-14,SA,Cattle,2774
2024-06-14,QLD,Lambs,1418
2024-06-14,WA,Calves,0
2024-06-14,WA,Goat,5
2024-06-14,VIC,Lambs,176261
2024-06-14,VIC,Cattle,18275
2024-06-14,TAS,Sheep,3745
2024-06-14,NSW,Deer,0
2024-06-14,QLD,Cattle,73378
2024-06-14,VIC,Deer,0
2024-06-14,WA,Deer,8
2024-06-14,WA,Pigs,2671
2024-06-14,SA,Deer,0
2024-06-14,SA,Pigs,20671
2024-06-14,NSW,Pigs,14619
2024-06-14,VIC,Pigs,24243
2024-06-14,QLD,Deer,0
2024-06-14,VIC,Calves,3335
2024-06-14,NSW,Cattle,28504
2024-06-14,NSW,Sheep,56569
2024-06-14,QLD,Sheep,13
2024-06-14,SA,Lambs,56505
2024-06-14,WA,Sheep,25137
2024-06-14,WA,Lambs,63174
2024-06-14,TAS,Calves,0
2024-06-14,QLD,Goat,20108
2024-06-14,NSW,Calves,741
2024-06-14,TAS,Cattle,3921
2024-06-14,QLD,Pigs,26002
2024-06-14,NSW,Lambs,110933
2024-06-14,TAS,Lambs,8058
2024-06-14,SA,Sheep,11960
2024-06-14,VIC,Sheep,33252
2024-06-21,NSW,Goat,22068
2024-06-21,SA,Cattle,3395
2024-06-21,SA,Goat,2657
2024-06-21,WA,Cattle,2785
2024-06-21,WA,Goat,12
2024-06-21,WA,Calves,7
2024-06-21,VIC,Goat,13270
2024-06-21,NSW,Pigs,16995
2024-06-21,VIC,Lambs,246320
2024-06-21,QLD,Pigs,26816
2024-06-21,QLD,Lambs,2044
2024-06-21,VIC,Calves,2942
2024-06-21,QLD,Deer,0
2024-06-21,NSW,Lambs,130528
2024-06-21,QLD,Calves,11
2024-06-21,VIC,Deer,0
2024-06-21,SA,Pigs,24588
2024-06-21,TAS,Calves,35
2024-06-21,VIC,Pigs,25560
2024-06-21,NSW,Calves,1506
2024-06-21,SA,Calves,8
2024-06-21,WA,Pigs,2686
2024-06-21,VIC,Cattle,22798
2024-06-21,WA,Sheep,23806
2024-06-21,VIC,Sheep,54795
2024-06-21,QLD,Sheep,17
2024-06-21,SA,Deer,0
2024-06-21,SA,Sheep,12305
2024-06-21,QLD,Cattle,73738
2024-06-21,NSW,Cattle,34672
2024-06-21,WA,Deer,7
2024-06-21,WA,Lambs,60763
2024-06-21,TAS,Lambs,9984
2024-06-21,NSW,Sheep,77777
2024-06-21,NSW,Deer,0
2024-06-21,TAS,Sheep,4949
2024-06-21,TAS,Cattle,5002
2024-06-21,QLD,Goat,21635
2024-06-21,SA,Lambs,61463
2024-06-28,NSW,Deer,0
2024-06-28,TAS,Lambs,9710
2024-06-28,VIC,Goat,18780
2024-06-28,NSW,Sheep,79807
2024-06-28,NSW,Pigs,16642
2024-06-28,WA,Pigs,2638
2024-06-28,NSW,Goat,19455
2024-06-28,QLD,Cattle,74620
2024-06-28,SA,Pigs,23589
2024-06-28,TAS,Calves,0
2024-06-28,QLD,Deer,0
2024-06-28,VIC,Lambs,241787
2024-06-28,WA,Sheep,12657
2024-06-28,QLD,Sheep,7
2024-06-28,VIC,Calves,2845
2024-06-28,SA,Sheep,12512
2024-06-28,WA,Cattle,2967
2024-06-28,NSW,Cattle,34995
2024-06-28,NSW,Calves,1374
2024-06-28,SA,Cattle,3565
2024-06-28,TAS,Cattle,5029
2024-06-28,NSW,Lambs,122524
2024-06-28,QLD,Goat,22906
2024-06-28,WA,Calves,1
2024-06-28,WA,Goat,0
2024-06-28,QLD,Pigs,26162
2024-06-28,TAS,Sheep,4576
2024-06-28,VIC,Pigs,26572
2024-06-28,SA,Goat,2640
2024-06-28,VIC,Cattle,22529
2024-06-28,SA,Lambs,61155
2024-06-28,QLD,Calves,8
2024-06-28,QLD,Lambs,1478
2024-06-28,VIC,Deer,0
2024-06-28,SA,Calves,4
2024-06-28,SA,Deer,0
2024-06-28,WA,Lambs,48155
2024-06-28,VIC,Sheep,51544
2024-06-28,WA,Deer,11
2024-07-05,SA,Lambs,62240
2024-07-05,VIC,Lambs,235009
2024-07-05,NSW,Calves,1541
2024-07-05,QLD,Lambs,1590
2024-07-05,WA,Lambs,43096
2024-07-05,TAS,Sheep,3986
2024-07-05,VIC,Cattle,21731
2024-07-05,NSW,Goat,17919
2024-07-05,TAS,Calves,0
2024-07-05,NSW,Sheep,78139
2024-07-05,NSW,Deer,0
2024-07-05,NSW,Lambs,119874
2024-07-05,QLD,Deer,0
2024-07-05,WA,Sheep,15601
2024-07-05,WA,Pigs,2608
2024-07-05,QLD,Pigs,25547
2024-07-05,SA,Sheep,11741
2024-07-05,SA,Pigs,23460
2024-07-05,SA,Deer,0
2024-07-05,VIC,Deer,0
2024-07-05,WA,Deer,8
2024-07-05,SA,Calves,3
2024-07-05,SA,Goat,2546
2024-07-05,TAS,Lambs,9859
2024-07-05,VIC,Pigs,24509
2024-07-05,VIC,Calves,2473
2024-07-05,QLD,Sheep,9
2024-07-05,QLD,Goat,21682
2024-07-05,WA,Goat,16
2024-07-05,QLD,Calves,3
2024-07-05,NSW,Pigs,16381
2024-07-05,WA,Calves,0
2024-07-05,WA,Cattle,2703
2024-07-05,VIC,Sheep,45290
2024-07-05,QLD,Cattle,74290
2024-07-05,VIC,Goat,17734
2024-07-05,SA,Cattle,3336
2024-07-05,TAS,Cattle,3728
2024-07-05,NSW,Cattle,34291
2024-07-12,VIC,Sheep,52803
2024-07-12,VIC,Pigs,24191
2024-07-12,NSW,Lambs,111118
2024-07-12,SA,Lambs,60989
2024-07-12,SA,Goat,1552
2024-07-12,WA,Cattle,2336
2024-07-12,SA,Pigs,24152
2024-07-12,QLD,Goat,19467
2024-07-12,WA,Goat,4
2024-07-12,WA,Sheep,16159
2024-07-12,QLD,Pigs,25928
2024-07-12,TAS,Cattle,3646
2024-07-12,WA,Lambs,38702
2024-07-12,TAS,Calves,0
2024-07-12,QLD,Lambs,1689
2024-07-12,VIC,Cattle,22374
2024-07-12,NSW,Calves,1237
2024-07-12,SA,Cattle,3338
2024-07-12,QLD,Deer,0
2024-07-12,NSW,Deer,0
2024-07-12,SA,Deer,0
2024-07-12,NSW,Pigs,16104
2024-07-12,VIC,Lambs,229113
2024-07-12,QLD,Cattle,73413
2024-07-12,QLD,Sheep,27
2024-07-12,VIC,Calves,2302
2024-07-12,SA,Sheep,13055
2024-07-12,NSW,Cattle,33682
2024-07-12,WA,Deer,8
2024-07-12,WA,Pigs,2648
2024-07-12,VIC,Goat,10609
2024-07-12,TAS,Lambs,9435
2024-07-12,NSW,Sheep,31400
2024-07-12,VIC,Deer,0
2024-07-12,WA,Calves,7
2024-07-12,NSW,Goat,17120
2024-07-12,QLD,Calves,2
2024-07-12,TAS,Sheep,1822
2024-07-12,SA,Calves,10
2024-07-19,QLD,Deer,0
2024-07-19,QLD,Pigs,25218
2024-07-19,QLD,Sheep,19
2024-07-19,SA,Pigs,22836
2024-07-19,NSW,Sheep,28425
2024-07-19,NSW,Lambs,109398
2024-07-19,SA,Sheep,12588
2024-07-19,WA,Deer,8
2024-07-19,NSW,Cattle,35288
2024-07-19,WA,Pigs,2575
2024-07-19,VIC,Pigs,24601
2024-07-19,SA,Calves,4
2024-07-19,VIC,Goat,11772
2024-07-19,SA,Deer,0
2024-07-19,WA,Calves,3
2024-07-19,VIC,Lambs,226936
2024-07-19,TAS,Calves,0
2024-07-19,VIC,Cattle,22045
2024-07-19,NSW,Calves,459
2024-07-19,QLD,Cattle,73277
2024-07-19,VIC,Deer,0
2024-07-19,NSW,Deer,0
2024-07-19,WA,Sheep,9768
2024-07-19,NSW,Pigs,12248
2024-07-19,SA,Lambs,55970
2024-07-19,WA,Cattle,2841
2024-07-19,TAS,Cattle,6441
2024-07-19,SA,Cattle,3342
2024-07-19,QLD,Goat,19529
2024-07-19,QLD,Calves,19
2024-07-19,VIC,Calves,2152
2024-07-19,WA,Lambs,25701
2024-07-19,QLD,Lambs,1641
2024-07-19,SA,Goat,1374
2024-07-19,NSW,Goat,16690
2024-07-19,WA,Goat,11
2024-07-19,VIC,Sheep,46897
2024-07-26,QLD,Calves,6
2024-07-26,NSW,Calves,703
2024-07-26,VIC,Pigs,23971
2024-07-26,TAS,Sheep,2218
2024-07-26,SA,Deer,0
2024-07-26,QLD,Pigs,25053
2024-07-26,VIC,Calves,2192
2024-07-26,NSW,Sheep,67493
2024-07-26,NSW,Goat,20788
2024-07-26,VIC,Lambs,225085
2024-07-26,WA,Cattle,2588
2024-07-26,QLD,Sheep,22
2024-07-26,WA,Calves,1
2024-07-26,TAS,Lambs,5515
2024-07-26,WA,Deer,8
2024-07-26,TAS,Cattle,4841
2024-07-26,NSW,Pigs,16595
2024-07-26,VIC,Sheep,42848
2024-07-26,QLD,Lambs,1380
2024-07-26,WA,Sheep,9659
2024-07-26,WA,Pigs,2618
2024-07-26,VIC,Cattle,21907
2024-07-26,SA,Goat,2339
2024-07-26,SA,Sheep,11485
2024-07-26,SA,Pigs,23144
2024-07-26,NSW,Cattle,34349
2024-07-26,SA,Lambs,56125
2024-07-26,QLD,Goat,21599
2024-07-26,NSW,Lambs,121461
2024-07-26,TAS,Calves,0
2024-07-26,VIC,Deer,0
2024-07-26,QLD,Deer,0
2024-07-26,SA,Calves,5
2024-07-26,SA,Cattle,3336
2024-07-26,WA,Goat,7
2024-07-26,QLD,Cattle,72782
2024-07-26,WA,Lambs,25707
2024-07-26,NSW,Deer,0
2024-07-26,VIC,Goat,18737
2024-08-02,NSW,Sheep,69279
2024-08-02,NSW,Deer,0
2024-08-02,VIC,Calves,2382
2024-08-02,TAS,Lambs,7271
2024-08-02,SA,Goat,1251
2024-08-02,QLD,Cattle,73135
2024-08-02,SA,Lambs,48560
2024-08-02,NSW,Cattle,34223
2024-08-02,WA,Lambs,51742
2024-08-02,SA,Cattle,3309
2024-08-02,TAS,Cattle,4782
2024-08-02,SA,Calves,12
2024-08-02,WA,Goat,6
2024-08-02,NSW,Pigs,12573
2024-08-02,WA,Calves,4
2024-08-02,QLD,Lambs,1590
2024-08-02,VIC,Cattle,22418
2024-08-02,SA,Sheep,10719
2024-08-02,VIC,Deer,0
2024-08-02,WA,Sheep,30500
2024-08-02,QLD,Sheep,49
2024-08-02,NSW,Goat,18962
2024-08-02,WA,Pigs,2632
2024-08-02,VIC,Lambs,226395
2024-08-02,SA,Pigs,23345
2024-08-02,TAS,Sheep,2477
2024-08-02,QLD,Pigs,25924
2024-08-02,VIC,Goat,20550
2024-08-02,VIC,Pigs,23918
2024-08-02,QLD,Goat,20066
2024-08-02,NSW,Lambs,121380
2024-08-02,TAS,Calves,0
2024-08-02,QLD,Deer,16
2024-08-02,NSW,Calves,1090
2024-08-02,WA,Deer,8
2024-08-02,WA,Cattle,2797
2024-08-02,SA,Deer,0
2024-08-02,QLD,Calves,19
2024-08-02,VIC,Sheep,46828
2024-08-09,NSW,Goat,16350
2024-08-09,TAS,Calves,3708
2024-08-09,SA,Pigs,22477
2024-08-09,NSW,Cattle,33984
2024-08-09,SA,Calves,12
2024-08-09,WA,Cattle,2663
2024-08-09,WA,Pigs,2972
2024-08-09,TAS,Cattle,4194
2024-08-09,WA,Calves,2
2024-08-09,QLD,Cattle,71761
2024-08-09,WA,Lambs,51810
2024-08-09,VIC,Sheep,53072
2024-08-09,SA,Deer,25
2024-08-09,SA,Goat,1226
2024-08-09,QLD,Deer,0
2024-08-09,WA,Deer,8
2024-08-09,TAS,Sheep,1713
2024-08-09,VIC,Deer,0
2024-08-09,NSW,Lambs,116358
2024-08-09,QLD,Goat,19420
2024-08-09,VIC,Lambs,228616
2024-08-09,TAS,Lambs,7532
2024-08-09,NSW,Sheep,54698
2024-08-09,WA,Goat,0
2024-08-09,NSW,Calves,785
2024-08-09,SA,Lambs,24262
2024-08-09,QLD,Pigs,27204
2024-08-09,VIC,Goat,17253
2024-08-09,SA,Sheep,3256
2024-08-09,QLD,Lambs,1426
2024-08-09,WA,Sheep,32574
2024-08-09,QLD,Calves,4
2024-08-09,NSW,Pigs,16974
2024-08-09,VIC,Calves,3133
2024-08-09,SA,Cattle,3339
2024-08-09,QLD,Sheep,14
2024-08-09,VIC,Pigs,23339
2024-08-09,VIC,Cattle,22233
2024-08-09,NSW,Deer,0
2024-08-16,SA,Lambs,20739
2024-08-16,WA,Calves,4
2024-08-16,WA,Lambs,48786
2024-08-16,QLD,Pigs,21438
2024-08-16,VIC,Deer,0
2024-08-16,VIC,Pigs,22818
2024-08-16,QLD,Deer,0
2024-08-16,WA,Deer,8
2024-08-16,SA,Calves,44
2024-08-16,TAS,Sheep,959
2024-08-16,VIC,Goat,19278
2024-08-16,SA,Deer,0
2024-08-16,WA,Goat,14
2024-08-16,QLD,Lambs,1477
2024-08-16,VIC,Sheep,52434
2024-08-16,SA,Goat,1150
2024-08-16,VIC,Lambs,217523
2024-08-16,QLD,Sheep,15
2024-08-16,TAS,Cattle,4448
2024-08-16,SA,Cattle,3280
2024-08-16,NSW,Deer,0
2024-08-16,WA,Cattle,3539
2024-08-16,NSW,Cattle,34933
2024-08-16,NSW,Pigs,17028
2024-08-16,SA,Sheep,1305
2024-08-16,QLD,Cattle,65864
2024-08-16,VIC,Cattle,21971
2024-08-16,NSW,Sheep,63578
2024-08-16,WA,Sheep,36442
2024-08-16,SA,Pigs,22577
2024-08-16,TAS,Calves,3586
2024-08-16,TAS,Lambs,7324
2024-08-16,QLD,Goat,21305
2024-08-16,NSW,Calves,1187
2024-08-16,VIC,Calves,3986
2024-08-16,NSW,Lambs,117392
2024-08-16,QLD,Calves,4
2024-08-16,NSW,Goat,20007
2024-08-16,WA,Pigs,2937
2024-08-23,NSW,Calves,1559
2024-08-23,WA,Calves,4
2024-08-23,WA,Sheep,37358
2024-08-23,VIC,Lambs,221320
2024-08-23,QLD,Deer,0
2024-08-23,NSW,Cattle,34351
2024-08-23,VIC,Cattle,21802
2024-08-23,SA,Cattle,3261
2024-08-23,WA,Cattle,2678
2024-08-23,NSW,Sheep,65353
2024-08-23,SA,Deer,0
2024-08-23,VIC,Goat,24187
2024-08-23,QLD,Calves,4
2024-08-23,TAS,Sheep,3624
2024-08-23,NSW,Deer,0
2024-08-23,WA,Goat,22
2024-08-23,VIC,Sheep,36085
2024-08-23,NSW,Pigs,12268
2024-08-23,SA,Goat,1100
2024-08-23,NSW,Lambs,114084
2024-08-23,QLD,Cattle,74974
2024-08-23,NSW,Goat,21500
2024-08-23,TAS,Lambs,6580
2024-08-23,QLD,Lambs,1335
2024-08-23,QLD,Pigs,25826
2024-08-23,QLD,Goat,22478
2024-08-23,SA,Pigs,22767
2024-08-23,SA,Lambs,618
2024-08-23,QLD,Sheep,42
2024-08-23,WA,Lambs,47474
2024-08-23,SA,Sheep,197
2024-08-23,TAS,Cattle,4044
2024-08-23,VIC,Deer,0
2024-08-23,VIC,Calves,3749
2024-08-23,TAS,Calves,5147
2024-08-23,VIC,Pigs,27960
2024-08-23,WA,Pigs,2985
2024-08-23,SA,Calves,41
2024-08-23,WA,Deer,8
2024-08-30,VIC,Deer,0
2024-08-30,QLD,Sheep,37
2024-08-30,TAS,Sheep,3294
2024-08-30,WA,Pigs,2919
2024-08-30,VIC,Sheep,45495
2024-08-30,SA,Sheep,13180
2024-08-30,TAS,Lambs,6115
2024-08-30,NSW,Goat,21822
2024-08-30,SA,Lambs,25052
2024-08-30,QLD,Goat,23193
2024-08-30,QLD,Lambs,1494
2024-08-30,VIC,Calves,3740
2024-08-30,VIC,Goat,28222
2024-08-30,NSW,Deer,0
2024-08-30,TAS,Cattle,3581
2024-08-30,QLD,Cattle,75201
2024-08-30,NSW,Sheep,81987
2024-08-30,SA,Cattle,3227
2024-08-30,SA,Pigs,22299
2024-08-30,NSW,Pigs,15386
2024-08-30,NSW,Calves,1549
2024-08-30,SA,Deer,0
2024-08-30,WA,Sheep,36760
2024-08-30,WA,Deer,8
2024-08-30,TAS,Calves,4670
2024-08-30,WA,Cattle,3048
2024-08-30,VIC,Cattle,21446
2024-08-30,VIC,Lambs,210257
2024-08-30,SA,Goat,989
2024-08-30,NSW,Cattle,34487
2024-08-30,QLD,Calves,19
2024-08-30,SA,Calves,31
2024-08-30,WA,Lambs,50518
2024-08-30,WA,Calves,12
2024-08-30,WA,Goat,0
2024-08-30,NSW,Lambs,114637
2024-08-30,QLD,Deer,0
2024-08-30,QLD,Pigs,25222
2024-08-30,VIC,Pigs,22944
2024-09-06,WA,Pigs,2939
2024-09-06,QLD,Goat,22351
2024-09-06,VIC,Cattle,21283
2024-09-06,NSW,Sheep,68848
2024-09-06,QLD,Sheep,44
2024-09-06,SA,Cattle,3248
2024-09-06,QLD,Deer,0
2024-09-06,TAS,Lambs,5550
2024-09-06,WA,Cattle,2833
2024-09-06,SA,Deer,0
2024-09-06,SA,Pigs,22760
2024-09-06,WA,Deer,8
2024-09-06,VIC,Deer,0
2024-09-06,VIC,Goat,28953
2024-09-06,NSW,Cattle,33281
2024-09-06,SA,Sheep,17608
2024-09-06,VIC,Lambs,213062
2024-09-06,QLD,Lambs,1315
2024-09-06,NSW,Goat,21153
2024-09-06,TAS,Cattle,1514
2024-09-06,NSW,Calves,2116
2024-09-06,SA,Lambs,30160
2024-09-06,TAS,Calves,4022
2024-09-06,VIC,Calves,3327
2024-09-06,SA,Calves,18
2024-09-06,NSW,Pigs,16385
2024-09-06,QLD,Calves,5
2024-09-06,QLD,Cattle,74384
2024-09-06,WA,Sheep,37406
2024-09-06,NSW,Lambs,107983
2024-09-06,WA,Goat,35
2024-09-06,VIC,Pigs,22890
2024-09-06,SA,Goat,1181
2024-09-06,TAS,Sheep,1124
2024-09-06,WA,Lambs,49503
2024-09-06,NSW,Deer,0
2024-09-06,QLD,Pigs,24755
2024-09-06,VIC,Sheep,42593
2024-09-06,WA,Calves,0
2024-09-13,VIC,Goat,25016
2024-09-13,TAS,Calves,3513
2024-09-13,WA,Lambs,49771
2024-09-13,SA,Lambs,52342
2024-09-13,NSW,Goat,19945
2024-09-13,VIC,Cattle,21910
2024-09-13,WA,Calves,1
2024-09-13,QLD,Lambs,1450
2024-09-13,SA,Goat,979
2024-09-13,NSW,Calves,1561
2024-09-13,SA,Calves,13
2024-09-13,VIC,Deer,0
2024-09-13,TAS,Cattle,4109
2024-09-13,WA,Sheep,41623
2024-09-13,TAS,Lambs,5060
2024-09-13,VIC,Lambs,218823
2024-09-13,NSW,Sheep,85428
2024-09-13,NSW,Deer,0
2024-09-13,QLD,Pigs,24526
2024-09-13,NSW,Cattle,33330
2024-09-13,NSW,Lambs,118278
2024-09-13,VIC,Sheep,62438
2024-09-13,SA,Deer,0
2024-09-13,WA,Deer,8
2024-09-13,QLD,Calves,7
2024-09-13,SA,Pigs,21496
2024-09-13,NSW,Pigs,16392
2024-09-13,VIC,Calves,3408
2024-09-13,SA,Cattle,3275
2024-09-13,QLD,Goat,22518
2024-09-13,VIC,Pigs,22428
2024-09-13,WA,Pigs,2904
2024-09-13,QLD,Cattle,74982
2024-09-13,TAS,Sheep,802
2024-09-13,QLD,Deer,0
2024-09-13,WA,Goat,33
2024-09-13,WA,Cattle,2796
2024-09-13,SA,Sheep,22280
2024-09-13,QLD,Sheep,42
2024-09-20,SA,Calves,2
2024-09-20,NSW,Sheep,85007
2024-09-20,QLD,Calves,3360
2024-09-20,WA,Cattle,2945
2024-09-20,WA,Calves,8
2024-09-20,QLD,Cattle,74354
2024-09-20,QLD,Goat,21277
2024-09-20,WA,Lambs,48046
2024-09-20,WA,Deer,8
2024-09-20,NSW,Pigs,16301
2024-09-20,SA,Goat,1920
2024-09-20,QLD,Lambs,1437
2024-09-20,SA,Cattle,3257
2024-09-20,WA,Goat,16
2024-09-20,NSW,Goat,20028
2024-09-20,NSW,Cattle,33490
2024-09-20,TAS,Lambs,6709
2024-09-20,VIC,Sheep,69013
2024-09-20,VIC,Calves,2984
2024-09-20,NSW,Deer,0
2024-09-20,SA,Lambs,51268
2024-09-20,WA,Sheep,43736
2024-09-20,TAS,Cattle,4092
2024-09-20,VIC,Cattle,22054
2024-09-20,NSW,Calves,1166
2024-09-20,SA,Sheep,22142
2024-09-20,VIC,Deer,0
2024-09-20,SA,Deer,0
2024-09-20,TAS,Calves,3509
2024-09-20,TAS,Sheep,1420
2024-09-20,QLD,Deer,0
2024-09-20,SA,Pigs,21253
2024-09-20,QLD,Pigs,24890
2024-09-20,WA,Pigs,2628
2024-09-20,NSW,Lambs,117610
2024-09-20,QLD,Sheep,35
2024-09-20,VIC,Pigs,22932
2024-09-20,VIC,Goat,27010
2024-09-20,VIC,Lambs,198365
2024-09-27,SA,Deer,0
2024-09-27,QLD,Pigs,25644
2024-09-27,QLD,Lambs,1271
2024-09-27,WA,Sheep,37853
2024-09-27,NSW,Goat,18984
2024-09-27,TAS,Cattle,4183
2024-09-27,TAS,Calves,2527
2024-09-27,VIC,Sheep,71169
2024-09-27,NSW,Cattle,34419
2024-09-27,SA,Sheep,22656
2024-09-27,NSW,Sheep,94993
2024-09-27,WA,Calves,1
2024-09-27,NSW,Calves,1543
2024-09-27,TAS,Sheep,1656
2024-09-27,WA,Pigs,2060
2024-09-27,QLD,Goat,22835
2024-09-27,SA,Pigs,21993
2024-09-27,WA,Goat,30
2024-09-27,TAS,Lambs,7116
2024-09-27,SA,Lambs,49986
2024-09-27,QLD,Sheep,50
2024-09-27,VIC,Calves,2979
2024-09-27,NSW,Lambs,106865
2024-09-27,WA,Lambs,40944
2024-09-27,WA,Deer,8
2024-09-27,SA,Goat,1403
2024-09-27,VIC,Pigs,20916
2024-09-27,SA,Cattle,3280
2024-09-27,QLD,Deer,0
2024-09-27,NSW,Pigs,16348
2024-09-27,VIC,Goat,18908
2024-09-27,WA,Cattle,2262
2024-09-27,VIC,Lambs,196017
2024-09-27,QLD,Cattle,75625
2024-09-27,SA,Calves,12
2024-09-27,VIC,Cattle,19986
2024-09-27,QLD,Calves,5
2024-09-27,VIC,Deer,0
2024-09-27,NSW,Deer,0
2024-10-04,SA,Deer,0
2024-10-04,WA,Lambs,52385
2024-10-04,SA,Lambs,52356
2024-10-04,SA,Sheep,21783
2024-10-04,VIC,Cattle,21382
2024-10-04,NSW,Calves,1493
2024-10-04,WA,Deer,8
2024-10-04,TAS,Lambs,7395
2024-10-04,WA,Sheep,43419
2024-10-04,VIC,Deer,0
2024-10-04,WA,Pigs,2665
2024-10-04,QLD,Sheep,69
2024-10-04,WA,Calves,6
2024-10-04,TAS,Sheep,1715
2024-10-04,NSW,Goat,20711
2024-10-04,SA,Calves,13
2024-10-04,SA,Pigs,23028
2024-10-04,NSW,Sheep,77101
2024-10-04,QLD,Calves,0
2024-10-04,VIC,Sheep,66121
2024-10-04,QLD,Deer,0
2024-10-04,QLD,Pigs,25593
2024-10-04,NSW,Deer,0
2024-10-04,VIC,Pigs,21679
2024-10-04,NSW,Pigs,16485
2024-10-04,NSW,Lambs,72834
2024-10-04,QLD,Cattle,74707
2024-10-04,VIC,Goat,27124
2024-10-04,WA,Cattle,2819
2024-10-04,TAS,Calves,1828
2024-10-04,SA,Cattle,3318
2024-10-04,TAS,Cattle,4205
2024-10-04,QLD,Goat,20581
2024-10-04,VIC,Lambs,216589
2024-10-04,SA,Goat,1521
2024-10-04,VIC,Calves,2586
2024-10-04,WA,Goat,15
2024-10-04,QLD,Lambs,1500
2024-10-04,NSW,Cattle,33970
2024-10-11,WA,Deer,8
2024-10-11,VIC,Calves,2232
2024-10-11,VIC,Sheep,67064
2024-10-11,SA,Goat,2335
2024-10-11,SA,Deer,0
2024-10-11,QLD,Goat,25171
2024-10-11,WA,Goat,35
2024-10-11,QLD,Lambs,1228
2024-10-11,VIC,Goat,23253
2024-10-11,TAS,Sheep,889
2024-10-11,SA,Lambs,43300
2024-10-11,NSW,Cattle,28127
2024-10-11,SA,Calves,10
2024-10-11,WA,Lambs,49819
2024-10-11,NSW,Deer,0
2024-10-11,WA,Calves,3
2024-10-11,VIC,Deer,0
2024-10-11,TAS,Cattle,4254
2024-10-11,VIC,Pigs,23111
2024-10-11,QLD,Calves,8
2024-10-11,VIC,Lambs,213160
2024-10-11,SA,Sheep,17681
2024-10-11,QLD,Pigs,22119
2024-10-11,WA,Sheep,51276
2024-10-11,NSW,Lambs,58794
2024-10-11,QLD,Sheep,65
2024-10-11,NSW,Goat,21509
2024-10-11,TAS,Lambs,6455
2024-10-11,NSW,Calves,1292
2024-10-11,SA,Pigs,19023
2024-10-11,TAS,Calves,913
2024-10-11,WA,Pigs,2576
2024-10-11,VIC,Cattle,22226
2024-10-11,QLD,Deer,0
2024-10-11,NSW,Sheep,68748
2024-10-11,QLD,Cattle,63748
2024-10-11,NSW,Pigs,14126
2024-10-11,SA,Cattle,2626
2024-10-11,WA,Cattle,2999
2024-10-18,WA,Calves,3
2024-10-18,SA,Deer,0
2024-10-18,WA,Lambs,50055
2024-10-18,VIC,Cattle,22474
2024-10-18,SA,Calves,8
2024-10-18,WA,Sheep,43797
2024-10-18,TAS,Sheep,1984
2024-10-18,SA,Lambs,51698
2024-10-18,QLD,Deer,0
2024-10-18,QLD,Calves,5
2024-10-18,SA,Sheep,20494
2024-10-18,QLD,Cattle,76594
2024-10-18,QLD,Lambs,1460
2024-10-18,WA,Cattle,2935
2024-10-18,SA,Cattle,3352
2024-10-18,TAS,Cattle,4307
2024-10-18,NSW,Deer,0
2024-10-18,NSW,Pigs,16534
2024-10-18,VIC,Goat,25219
2024-10-18,VIC,Lambs,221381
2024-10-18,VIC,Calves,1913
2024-10-18,NSW,Cattle,34154
2024-10-18,QLD,Goat,22824
2024-10-18,TAS,Calves,1058
2024-10-18,SA,Goat,2040
2024-10-18,NSW,Calves,1332
2024-10-18,WA,Goat,22
2024-10-18,WA,Pigs,2679
2024-10-18,TAS,Lambs,8434
2024-10-18,VIC,Deer,0
2024-10-18,QLD,Pigs,24765
2024-10-18,NSW,Goat,16235
2024-10-18,SA,Pigs,22600
2024-10-18,VIC,Sheep,70212
2024-10-18,VIC,Pigs,23533
2024-10-18,NSW,Sheep,80286
2024-10-18,NSW,Lambs,70764
2024-10-18,QLD,Sheep,41
2024-10-18,WA,Deer,8
2024-10-25,NSW,Calves,2058
2024-10-25,TAS,Calves,780
2024-10-25,WA,Pigs,2707
2024-10-25,QLD,Cattle,77467
2024-10-25,QLD,Sheep,72
2024-10-25,SA,Deer,0
2024-10-25,VIC,Sheep,70272
2024-10-25,NSW,Deer,0
2024-10-25,SA,Pigs,22158
2024-10-25,QLD,Deer,0
2024-10-25,TAS,Cattle,4303
2024-10-25,VIC,Lambs,217909
2024-10-25,SA,Lambs,52802
2024-10-25,QLD,Lambs,1483
2024-10-25,NSW,Cattle,34958
2024-10-25,VIC,Goat,24222
2024-10-25,VIC,Calves,1273
2024-10-25,WA,Deer,8
2024-10-25,WA,Calves,3
2024-10-25,SA,Cattle,3566
2024-10-25,NSW,Lambs,110437
2024-10-25,WA,Cattle,2725
2024-10-25,QLD,Pigs,24344
2024-10-25,NSW,Sheep,99652
2024-10-25,VIC,Pigs,22537
2024-10-25,SA,Calves,10
2024-10-25,QLD,Goat,22105
2024-10-25,WA,Lambs,51565
2024-10-25,TAS,Lambs,8182
2024-10-25,SA,Goat,2117
2024-10-25,NSW,Goat,20483
2024-10-25,WA,Goat,12
2024-10-25,TAS,Sheep,4006
2024-10-25,VIC,Cattle,22318
2024-10-25,NSW,Pigs,16284
2024-10-25,WA,Sheep,47741
2024-10-25,QLD,Calves,11
2024-10-25,VIC,Deer,0
2024-10-25,SA,Sheep,24781
2024-11-01,VIC,Calves,1335
2024-11-01,NSW,Lambs,122292
2024-11-01,SA,Goat,2112
2024-11-01,TAS,Lambs,9105
2024-11-01,VIC,Cattle,22389
2024-11-01,TAS,Sheep,3915
2024-11-01,NSW,Cattle,34879
2024-11-01,SA,Pigs,22318
2024-11-01,TAS,Calves,276
2024-11-01,NSW,Sheep,86286
2024-11-01,WA,Calves,0
2024-11-01,WA,Pigs,2700
2024-11-01,SA,Cattle,3597
2024-11-01,TAS,Cattle,4621
2024-11-01,VIC,Goat,21428
2024-11-01,NSW,Pigs,16817
2024-11-01,VIC,Lambs,223068
2024-11-01,WA,Lambs,49113
2024-11-01,SA,Deer,0
2024-11-01,NSW,Deer,0
2024-11-01,QLD,Goat,23288
2024-11-01,QLD,Deer,0
2024-11-01,SA,Lambs,47540
2024-11-01,QLD,Cattle,75364
2024-11-01,QLD,Lambs,1144
2024-11-01,WA,Cattle,2818
2024-11-01,NSW,Goat,18448
2024-11-01,WA,Goat,0
2024-11-01,QLD,Pigs,23990
2024-11-01,QLD,Calves,7
2024-11-01,VIC,Pigs,23087
2024-11-01,VIC,Sheep,75539
2024-11-01,SA,Calves,8
2024-11-01,WA,Deer,8
2024-11-01,QLD,Sheep,56
2024-11-01,SA,Sheep,21929
2024-11-01,VIC,Deer,0
2024-11-01,WA,Sheep,45170
2024-11-01,NSW,Calves,1690
2024-11-08,NSW,Sheep,106083
2024-11-08,NSW,Deer,0
2024-11-08,TAS,Cattle,3850
2024-11-08,NSW,Cattle,35644
2024-11-08,VIC,Calves,1078
2024-11-08,VIC,Lambs,207077
2024-11-08,VIC,Pigs,20189
2024-11-08,WA,Pigs,2710
2024-11-08,TAS,Lambs,7447
2024-11-08,WA,Calves,3
2024-11-08,VIC,Deer,0
2024-11-08,SA,Pigs,22006
2024-11-08,SA,Calves,13
2024-11-08,QLD,Calves,7
2024-11-08,VIC,Sheep,55348
2024-11-08,SA,Goat,1643
2024-11-08,NSW,Lambs,109552
2024-11-08,WA,Goat,22
2024-11-08,SA,Cattle,3541
2024-11-08,TAS,Sheep,3155
2024-11-08,VIC,Goat,21684
2024-11-08,SA,Lambs,54611
2024-11-08,NSW,Goat,17877
2024-11-08,QLD,Goat,22943
2024-11-08,QLD,Pigs,24571
2024-11-08,QLD,Lambs,1448
2024-11-08,TAS,Calves,279
2024-11-08,WA,Lambs,48410
2024-11-08,WA,Sheep,45525
2024-11-08,WA,Deer,8
2024-11-08,NSW,Calves,1700
2024-11-08,VIC,Cattle,18975
2024-11-08,SA,Sheep,20578
2024-11-08,QLD,Cattle,75976
2024-11-08,QLD,Sheep,100
2024-11-08,QLD,Deer,0
2024-11-08,WA,Cattle,2766
2024-11-08,SA,Deer,0
2024-11-08,NSW,Pigs,16656
2024-11-15,WA,Sheep,45742
2024-11-15,WA,Lambs,51807
2024-11-15,SA,Deer,0
2024-11-15,WA,Deer,8
2024-11-15,NSW,Goat,18021
2024-11-15,VIC,Goat,22166
2024-11-15,VIC,Cattle,22748
2024-11-15,VIC,Pigs,22584
2024-11-15,WA,Pigs,2743
2024-11-15,WA,Goat,0
2024-11-15,WA,Cattle,2706
2024-11-15,SA,Sheep,23281
2024-11-15,QLD,Calves,4
2024-11-15,TAS,Sheep,6197
2024-11-15,TAS,Lambs,10419
2024-11-15,SA,Goat,1615
2024-11-15,QLD,Lambs,1509
2024-11-15,QLD,Sheep,198
2024-11-15,TAS,Cattle,4850
2024-11-15,VIC,Deer,0
2024-11-15,QLD,Goat,21083
2024-11-15,VIC,Sheep,65676
2024-11-15,SA,Lambs,53410
2024-11-15,TAS,Calves,170
2024-11-15,VIC,Lambs,253784
2024-11-15,NSW,Calves,1842
2024-11-15,VIC,Calves,1181
2024-11-15,SA,Calves,3
2024-11-15,NSW,Sheep,100137
2024-11-15,WA,Calves,0
2024-11-15,QLD,Cattle,75015
2024-11-15,QLD,Deer,0
2024-11-15,NSW,Pigs,16646
2024-11-15,NSW,Lambs,106151
2024-11-15,NSW,Deer,0
2024-11-15,QLD,Pigs,23725
2024-11-15,SA,Cattle,3622
2024-11-15,SA,Pigs,22652
2024-11-15,NSW,Cattle,36746
2024-11-22,TAS,Calves,41
2024-11-22,WA,Lambs,51167
2024-11-22,VIC,Cattle,22262
2024-11-22,QLD,Goat,22943
2024-11-22,NSW,Pigs,16455
2024-11-22,NSW,Sheep,109845
2024-11-22,NSW,Goat,19125
2024-11-22,SA,Goat,1498
2024-11-22,QLD,Cattle,76298
2024-11-22,SA,Sheep,21912
2024-11-22,QLD,Sheep,68
2024-11-22,SA,Lambs,52770
2024-11-22,WA,Deer,8
2024-11-22,SA,Cattle,3575
2024-11-22,VIC,Calves,954
2024-11-22,SA,Deer,0
2024-11-22,WA,Sheep,50861
2024-11-22,TAS,Sheep,7582
2024-11-22,WA,Cattle,2487
2024-11-22,VIC,Deer,0
2024-11-22,WA,Goat,10
2024-11-22,TAS,Cattle,4851
2024-11-22,QLD,Deer,0
2024-11-22,NSW,Cattle,35686
2024-11-22,TAS,Lambs,10141
2024-11-22,VIC,Lambs,253475
2024-11-22,NSW,Lambs,111979
2024-11-22,QLD,Lambs,1270
2024-11-22,WA,Pigs,2716
2024-11-22,VIC,Sheep,62389
2024-11-22,NSW,Calves,2060
2024-11-22,QLD,Calves,14
2024-11-22,SA,Pigs,22146
2024-11-22,SA,Calves,0
2024-11-22,VIC,Pigs,23813
2024-11-22,VIC,Goat,26038
2024-11-22,QLD,Pigs,23102
2024-11-22,NSW,Deer,0
2024-11-22,WA,Calves,0
2024-11-29,NSW,Pigs,16977
2024-11-29,NSW,Cattle,34170
2024-11-29,NSW,Calves,1843
2024-11-29,VIC,Deer,0
2024-11-29,SA,Cattle,3575
2024-11-29,VIC,Lambs,245271
2024-11-29,SA,Sheep,18601
2024-11-29,QLD,Calves,5
2024-11-29,QLD,Cattle,75417
2024-11-29,TAS,Cattle,4886
2024-11-29,SA,Pigs,24710
2024-11-29,WA,Lambs,52810
2024-11-29,WA,Cattle,2647
2024-11-29,TAS,Lambs,9425
2024-11-29,SA,Lambs,49833
2024-11-29,TAS,Calves,14
2024-11-29,NSW,Sheep,103413
2024-11-29,SA,Goat,1284
2024-11-29,SA,Calves,12
2024-11-29,VIC,Goat,21804
2024-11-29,VIC,Calves,1025
2024-11-29,VIC,Pigs,21002
2024-11-29,NSW,Deer,0
2024-11-29,TAS,Sheep,6646
2024-11-29,WA,Calves,2
2024-11-29,NSW,Goat,16953
2024-11-29,QLD,Goat,23465
2024-11-29,QLD,Lambs,1314
2024-11-29,QLD,Pigs,24459
2024-11-29,VIC,Sheep,68154
2024-11-29,WA,Pigs,2742
2024-11-29,WA,Deer,8
2024-11-29,QLD,Sheep,88
2024-11-29,SA,Deer,0
2024-11-29,NSW,Lambs,108783
2024-11-29,WA,Goat,12
2024-11-29,VIC,Cattle,22733
2024-11-29,WA,Sheep,44408
2024-11-29,QLD,Deer,0
2024-12-06,QLD,Sheep,120
2024-12-06,WA,Goat,0
2024-12-06,WA,Pigs,2727
2024-12-06,VIC,Pigs,23119
2024-12-06,VIC,Deer,0
2024-12-06,SA,Calves,0
2024-12-06,QLD,Cattle,75357
2024-12-06,VIC,Lambs,255410
2024-12-06,VIC,Cattle,22602
2024-12-06,SA,Goat,460
2024-12-06,SA,Deer,0
2024-12-06,NSW,Deer,0
2024-12-06,QLD,Deer,0
2024-12-06,WA,Calves,0
2024-12-06,NSW,Pigs,18829
2024-12-06,TAS,Sheep,5829
2024-12-06,SA,Sheep,20350
2024-12-06,WA,Deer,8
2024-12-06,NSW,Lambs,104508
2024-12-06,WA,Sheep,54872
2024-12-06,SA,Cattle,3552
2024-12-06,SA,Pigs,23827
2024-12-06,QLD,Calves,7
2024-12-06,TAS,Lambs,10113
2024-12-06,WA,Lambs,49831
2024-12-06,VIC,Sheep,62796
2024-12-06,TAS,Cattle,4859
2024-12-06,NSW,Cattle,35010
2024-12-06,SA,Lambs,54052
2024-12-06,NSW,Calves,2037
2024-12-06,VIC,Calves,671
2024-12-06,TAS,Calves,10
2024-12-06,QLD,Goat,19048
2024-12-06,WA,Cattle,2476
2024-12-06,QLD,Lambs,1455
2024-12-06,NSW,Sheep,111038
2024-12-06,NSW,Goat,17261
2024-12-06,QLD,Pigs,25490
2024-12-06,VIC,Goat,29534
2024-12-13,VIC,Pigs,28135
2024-12-13,QLD,Cattle,49807
2024-12-13,QLD,Deer,0
2024-12-13,VIC,Cattle,23677
2024-12-13,WA,Sheep,47754
2024-12-13,VIC,Sheep,68590
2024-12-13,QLD,Goat,23475
2024-12-13,VIC,Deer,0
2024-12-13,NSW,Calves,2214
2024-12-13,QLD,Lambs,1514
2024-12-13,VIC,Calves,845
2024-12-13,NSW,Deer,0
2024-12-13,TAS,Calves,0
2024-12-13,TAS,Lambs,9499
2024-12-13,WA,Lambs,51853
2024-12-13,SA,Sheep,21127
2024-12-13,WA,Deer,8
2024-12-13,SA,Lambs,54638
2024-12-13,NSW,Pigs,19706
2024-12-13,WA,Pigs,2853
2024-12-13,WA,Cattle,2933
2024-12-13,SA,Deer,0
2024-12-13,SA,Pigs,25474
2024-12-13,SA,Cattle,3665
2024-12-13,NSW,Sheep,109290
2024-12-13,WA,Goat,35
2024-12-13,WA,Calves,4
2024-12-13,SA,Goat,1444
2024-12-13,TAS,Sheep,6863
2024-12-13,TAS,Cattle,4907
2024-12-13,QLD,Calves,4
2024-12-13,VIC,Goat,23111
2024-12-13,SA,Calves,2
2024-12-13,NSW,Cattle,32553
2024-12-13,NSW,Lambs,104277
2024-12-13,VIC,Lambs,238242
2024-12-13,QLD,Pigs,26971
2024-12-13,QLD,Sheep,83
2024-12-13,NSW,Goat,18252
2024-12-20,TAS,Sheep,5142
2024-12-20,NSW,Deer,0
2024-12-20,VIC,Deer,0
2024-12-20,WA,Goat,0
2024-12-20,QLD,Calves,10
2024-12-20,VIC,Sheep,62158
2024-12-20,VIC,Calves,549
2024-12-20,SA,Deer,0
2024-12-20,SA,Lambs,51547
2024-12-20,VIC,Pigs,27902
2024-12-20,WA,Lambs,50424
2024-12-20,WA,Deer,8
2024-12-20,VIC,Cattle,22425
2024-12-20,NSW,Cattle,27638
2024-12-20,WA,Sheep,43385
2024-12-20,VIC,Goat,21269
2024-12-20,SA,Goat,1525
2024-12-20,NSW,Sheep,92176
2024-12-20,QLD,Goat,19872
2024-12-20,NSW,Calves,2407
2024-12-20,QLD,Lambs,1284
2024-12-20,TAS,Calves,0
2024-12-20,TAS,Cattle,4906
2024-12-20,QLD,Deer,0
2024-12-20,SA,Calves,4
2024-12-20,SA,Cattle,3640
2024-12-20,VIC,Lambs,249684
2024-12-20,QLD,Cattle,48585
2024-12-20,WA,Calves,2
2024-12-20,NSW,Pigs,20449
2024-12-20,QLD,Sheep,13
2024-12-20,WA,Cattle,2933
2024-12-20,QLD,Pigs,27653
2024-12-20,SA,Sheep,19478
2024-12-20,NSW,Lambs,108443
2024-12-20,WA,Pigs,2843
2024-12-20,TAS,Lambs,11575
2024-12-20,SA,Pigs,25022
2024-12-20,NSW,Goat,21744
2024-12-27,TAS,Lambs,490
2024-12-27,NSW,Calves,0
2024-12-27,WA,Pigs,1247
2024-12-27,TAS,Calves,0
2024-12-27,SA,Pigs,13076
2024-12-27,VIC,Goat,218
2024-12-27,WA,Goat,0
2024-12-27,NSW,Sheep,1643
2024-12-27,TAS,Sheep,909
2024-12-27,QLD,Sheep,10
2024-12-27,WA,Deer,8
2024-12-27,SA,Sheep,5
2024-12-27,VIC,Sheep,8552
2024-12-27,WA,Cattle,987
2024-12-27,QLD,Pigs,13024
2024-12-27,SA,Lambs,263
2024-12-27,NSW,Goat,1547
2024-12-27,QLD,Calves,0
2024-12-27,NSW,Lambs,18766
2024-12-27,QLD,Lambs,387
2024-12-27,WA,Sheep,1371
2024-12-27,WA,Calves,3
2024-12-27,QLD,Goat,188
2024-12-27,SA,Calves,0
2024-12-27,SA,Goat,620
2024-12-27,VIC,Pigs,11421
2024-12-27,TAS,Cattle,1676
2024-12-27,SA,Deer,0
2024-12-27,VIC,Calves,286
2024-12-27,QLD,Cattle,5958
2024-12-27,WA,Lambs,7942
2024-12-27,SA,Cattle,700
2024-12-27,NSW,Deer,0
2024-12-27,QLD,Deer,0
2024-12-27,VIC,Lambs,76770
2024-12-27,NSW,Pigs,5754
2024-12-27,NSW,Cattle,5337
2024-12-27,VIC,Cattle,7565
2024-12-27,VIC,Deer,0
